,price,year,mileage,price range
0,6300,2008,274117.0,Low price
1,2899,2011,190552.0,Low price
2,5350,2018,39590.0,Low price
3,25000,2014,64146.0,Middle price
4,27700,2018,6654.0,Middle price
5,5700,2018,45561.0,Low price
6,7300,2010,149050.0,Low price
7,13350,2017,23525.0,Middle price
8,14600,2018,9371.0,Middle price
9,5250,2017,63418.0,Low price
10,10400,2009,107856.0,Middle price
11,12920,2017,39650.0,Middle price
12,31900,2018,22909.0,High price
13,5430,2017,138650.0,Low price
14,20700,2013,100757.0,Middle price
15,12710,2017,25747.0,Middle price
16,5200,2018,46194.0,Low price
17,16500,2018,20002.0,Middle price
18,5210,2017,35714.0,Low price
19,38100,2013,54380.0,High price
20,12520,2017,30114.0,Middle price
21,7300,2018,38823.0,Low price
22,15000,2015,61578.0,Middle price
23,6180,2017,46010.0,Low price
24,20800,2013,105510.0,Middle price
25,11900,2017,28040.0,Middle price
26,21500,2020,11451.0,Middle price
27,12000,2014,31039.0,Middle price
28,4190,2017,44174.0,Low price
29,13000,2008,93698.0,Middle price
30,12710,2017,26364.0,Middle price
31,18500,2016,71967.0,Middle price
32,29800,1973,46226.0,Middle price
33,5330,2017,37792.0,Low price
34,13000,2003,58817.0,Middle price
35,11900,2017,27965.0,Middle price
36,16600,2016,110907.0,Middle price
37,19200,2018,2430.0,Middle price
38,7320,2017,32366.0,Low price
39,7000,2003,176567.0,Low price
40,12710,2017,30049.0,Middle price
41,16600,2016,97983.0,Middle price
42,30500,2018,30442.0,High price
43,6330,2017,38123.0,Low price
44,55000,2017,15273.0,High price
45,12520,2017,28972.0,Middle price
46,16200,2019,30061.0,Middle price
47,19000,2017,18414.0,Middle price
48,5580,2017,46829.0,Low price
49,54000,2017,26241.0,High price
50,12710,2017,39886.0,Middle price
51,16000,2019,31594.0,Middle price
52,27000,2017,32107.0,Middle price
53,7760,2017,44794.0,Low price
54,19600,2019,42648.0,Middle price
55,12920,2017,39165.0,Middle price
56,20000,2019,38355.0,Middle price
57,18100,2017,46766.0,Middle price
58,23000,2020,2473.0,Middle price
59,18500,2019,38586.0,Middle price
60,13490,2017,27842.0,Middle price
61,20700,2019,31156.0,Middle price
62,17800,2017,52435.0,Middle price
63,6650,2017,29942.0,Low price
64,29100,2019,25281.0,Middle price
65,12710,2017,32504.0,Middle price
66,21100,2019,28649.0,Middle price
67,18600,2017,35200.0,Middle price
68,4340,2017,25602.0,Low price
69,19300,2019,34801.0,Middle price
70,12780,2017,31009.0,Middle price
71,15800,2019,35595.0,Middle price
72,29400,2017,23765.0,Middle price
73,4430,2017,31792.0,Low price
74,19400,2019,33135.0,Middle price
75,12520,2017,30636.0,Middle price
76,15900,2019,34502.0,Middle price
77,26400,2017,25434.0,Middle price
78,4140,2017,36732.0,Low price
79,18300,2019,41792.0,Middle price
80,12520,2017,31992.0,Middle price
81,17900,2019,32501.0,Middle price
82,18300,2017,28395.0,Middle price
83,4640,2017,36139.0,Low price
84,24000,2016,84413.0,Middle price
85,13200,2017,33457.0,Middle price
86,18000,2019,29245.0,Middle price
87,14900,2017,12783.0,Middle price
88,4140,2017,17617.0,Low price
89,11500,2016,36855.0,Middle price
90,9110,2017,110316.0,Low price
91,7350,2015,88227.0,Low price
92,24500,2017,17626.0,Middle price
93,9300,2017,120353.0,Low price
94,39800,2015,3641.0,High price
95,53500,2017,29355.0,High price
96,15110,2017,39333.0,Middle price
97,34000,2015,42930.0,High price
98,26502,2017,24993.0,Middle price
99,5990,2017,44929.0,Low price
100,13600,2018,16971.0,Middle price
101,23605,2017,35598.0,Middle price
102,10780,2017,40455.0,Middle price
103,13800,2018,23164.0,Middle price
104,25201,2017,19011.0,Middle price
105,7070,2017,45191.0,Low price
106,8700,2018,21405.0,Low price
107,18003,2017,19117.0,Middle price
108,8530,2017,42104.0,Low price
109,23100,2018,49496.0,Middle price
110,24500,2017,32418.0,Middle price
111,7000,2017,29882.0,Low price
112,17000,2018,34819.0,Middle price
113,34002,2017,31923.0,High price
114,6980,2017,29168.0,Low price
115,25000,2018,28307.0,Middle price
116,20802,2017,33791.0,Middle price
117,9200,2017,21770.0,Low price
118,26500,2017,18375.0,Middle price
119,24802,2017,14158.0,Middle price
120,7070,2017,30318.0,Low price
121,28500,2017,48086.0,Middle price
122,47500,2017,26562.0,High price
123,23500,2017,57611.0,Middle price
124,23505,2017,47357.0,Middle price
125,10940,2017,84916.0,Middle price
126,32100,2017,24521.0,High price
127,53000,2018,16105.0,High price
128,6830,2017,35888.0,Low price
129,11900,2017,59537.0,Middle price
130,26414,2017,55222.0,Middle price
131,4160,2018,32870.0,Low price
132,19405,2017,39687.0,Middle price
133,5690,2018,47085.0,Low price
134,25900,2017,32224.0,Middle price
135,24005,2017,51293.0,Middle price
136,5090,2018,42989.0,Low price
137,19500,2017,31311.0,Middle price
138,32012,2017,46091.0,High price
139,6800,2016,49033.0,Low price
140,4260,2018,33957.0,Low price
142,31802,2017,19845.0,High price
143,7210,2018,38910.0,Low price
145,28402,2017,31234.0,Middle price
146,6800,2018,36767.0,Low price
147,33300,2015,57932.0,High price
148,10780,2018,19420.0,Middle price
149,6700,2014,204155.0,Low price
150,20000,2016,93493.0,Middle price
151,6440,2018,20942.0,Low price
152,19900,2016,86826.0,Middle price
153,37000,2015,45787.0,High price
154,4040,2018,50765.0,Low price
155,22300,2016,62774.0,Middle price
156,31200,2011,76326.0,High price
157,4290,2018,39029.0,Low price
158,22800,2016,72885.0,Middle price
159,19002,2016,46467.0,Middle price
160,4160,2018,6743.0,Low price
161,18500,2016,33514.0,Middle price
162,39000,2016,39917.0,High price
163,6060,2018,32504.0,Low price
164,28800,2016,77638.0,Middle price
165,40000,2016,31727.0,High price
166,6140,2018,52966.0,Low price
167,21000,2016,24157.0,Middle price
168,20105,2016,51393.0,Middle price
169,6760,2018,35461.0,Low price
170,25800,2014,47055.0,Middle price
171,39000,2016,33110.0,High price
172,5470,2018,39721.0,Low price
173,14600,2014,75785.0,Middle price
174,24502,2016,33624.0,Middle price
175,15110,2017,42289.0,Middle price
176,7900,2014,79422.0,Low price
177,27305,2016,28844.0,Middle price
178,15290,2017,66582.0,Middle price
179,26500,2015,61436.0,Middle price
180,25502,2016,58303.0,Middle price
181,7320,2017,55618.0,Low price
182,3800,2009,261648.0,Low price
183,24502,2016,33045.0,Middle price
184,4140,2017,40747.0,Low price
185,1400,2002,185460.0,Low price
186,18402,2016,26667.0,Middle price
187,4160,2017,37176.0,Low price
188,175,2000,231240.0,Low price
189,24503,2016,18006.0,Middle price
190,15840,2017,72445.0,Middle price
191,20500,2014,123355.0,Middle price
192,21003,2016,44116.0,Middle price
193,4200,2017,60219.0,Low price
194,17400,2011,135077.0,Middle price
195,32001,2016,32058.0,High price
197,15700,2011,309564.0,Middle price
198,31009,2016,33928.0,High price
199,3740,2017,90618.0,Low price
200,5000,2001,109360.0,Low price
201,31002,2016,71809.0,High price
202,3160,2017,31563.0,Low price
203,8600,2005,219823.0,Low price
204,6000,2018,42090.0,Low price
205,12990,2017,126523.0,Middle price
206,25,2020,7232.0,Low price
207,13200,2017,60171.0,Middle price
208,4410,2017,209915.0,Low price
209,25,2005,151815.0,Low price
210,22500,2020,13826.0,Middle price
211,7420,2017,55854.0,Low price
212,13500,2016,45757.0,Middle price
213,15500,2020,16545.0,Middle price
214,3540,2017,112893.0,Low price
215,17000,2016,126802.0,Middle price
216,45500,2020,13303.0,High price
217,4130,2017,34061.0,Low price
218,15700,2015,70251.0,Middle price
219,45500,2020,13679.0,High price
220,4130,2017,42426.0,Low price
221,15500,2012,66452.0,Middle price
222,16300,2020,18221.0,Middle price
223,4530,2017,41455.0,Low price
224,15600,2011,35275.0,Middle price
225,45500,2020,13885.0,High price
226,4100,2017,38815.0,Low price
227,18200,2011,162281.0,Middle price
228,10200,2013,56479.0,Middle price
229,4080,2017,61027.0,Low price
230,5700,2014,178703.0,Low price
231,10200,2014,173469.0,Middle price
232,5000,2017,37321.0,Low price
233,1700,2014,112789.0,Low price
234,6200,2011,80394.0,Low price
235,3650,2016,68142.0,Low price
236,10500,2014,74203.0,Middle price
237,43500,2018,57604.0,High price
238,4610,2016,87229.0,Low price
239,3450,2012,90711.0,Low price
240,38500,2018,11135.0,High price
241,6810,2016,66781.0,Low price
242,2900,2011,190994.0,Low price
243,43500,2018,56007.0,High price
244,4450,2016,32486.0,Low price
245,5800,2011,195908.0,Low price
246,16500,2018,18020.0,Middle price
247,4240,2016,83262.0,Low price
248,26500,2008,62015.0,Middle price
249,13700,2017,36421.0,Middle price
250,8600,2016,73321.0,Low price
251,8000,2008,132379.0,Low price
252,14200,2017,28013.0,Middle price
253,7040,2016,33291.0,Low price
254,4700,2005,225236.0,Low price
255,30851,2016,43176.0,High price
256,4880,2016,36876.0,Low price
257,14500,2006,111782.0,Middle price
258,7600,2017,110489.0,Low price
259,13270,2016,84035.0,Middle price
260,12800,2012,131101.0,Middle price
261,33000,2018,52521.0,High price
262,9280,2016,101380.0,Low price
263,900,2003,142027.0,Low price
264,7560,2016,111476.0,Low price
265,19500,2011,76897.0,Middle price
266,17100,2019,15780.0,Middle price
267,8020,2016,31944.0,Low price
268,10300,2019,18937.0,Middle price
269,22600,2019,9706.0,Middle price
270,10480,2016,57289.0,Middle price
271,10300,2019,19956.0,Middle price
272,22700,2019,6075.0,Middle price
273,7410,2016,21034.0,Low price
274,10300,2019,22881.0,Middle price
275,10300,2013,167600.0,Middle price
276,7570,2016,37252.0,Low price
277,67000,2019,10944.0,High price
278,18900,2019,27601.0,Middle price
279,12560,2019,15958.0,Middle price
280,33000,2019,32251.0,High price
281,18300,2019,25809.0,Middle price
282,11760,2017,30553.0,Middle price
283,31700,2019,26549.0,High price
284,25,2007,160528.0,Low price
286,7340,2019,15854.0,Low price
287,8200,2017,56690.0,Low price
288,3000,2013,97142.0,Low price
289,6530,2019,10185.0,Low price
291,12700,2019,23514.0,Middle price
292,13800,2017,86959.0,Middle price
294,725,2017,67279.0,Low price
295,7400,2019,16482.0,Low price
296,9800,2017,35687.0,Low price
298,4400,2019,17911.0,Low price
299,10330,2019,21278.0,Middle price
300,1800,2011,47269.0,Low price
301,50,2008,172102.0,Low price
302,720,2006,26914.0,Low price
303,22800,2017,67217.0,Middle price
304,2500,2017,78698.0,Low price
306,9190,2017,41961.0,Low price
307,10900,2019,13273.0,Middle price
308,10400,2019,31713.0,Middle price
311,7320,2008,325611.0,Low price
312,22809,2017,50732.0,Middle price
315,5520,2017,52904.0,Low price
316,10900,2019,14195.0,Middle price
317,6330,2019,43965.0,Low price
319,25,2010,149189.0,Low price
320,2320,2007,112182.0,Low price
321,23702,2017,49024.0,Middle price
324,5520,2017,35821.0,Low price
325,4050,2018,1.0,Low price
326,14810,2019,32611.0,Middle price
327,25,2011,105244.0,Low price
328,2960,2008,164048.0,Low price
329,24800,2017,46955.0,Middle price
332,6270,2017,70443.0,Low price
333,1880,2012,1.0,Low price
334,10050,2019,18229.0,Middle price
335,225,2014,87673.0,Low price
336,26900,2018,42941.0,Middle price
337,1420,2007,104405.0,Low price
338,27003,2017,57186.0,Middle price
340,350,2004,236980.0,Low price
341,5600,2017,59808.0,Low price
342,6680,2011,1.0,Low price
343,10120,2019,20681.0,Middle price
345,3920,2015,102700.0,Low price
346,23100,2017,53270.0,Middle price
348,5630,2017,27195.0,Low price
350,2800,2019,20849.0,Low price
352,8850,2015,143818.0,Low price
353,18712,2017,67347.0,Middle price
356,6300,2017,117400.0,Low price
357,2220,2010,1.0,Low price
358,6930,2019,47798.0,Low price
359,25,2008,130623.0,Low price
360,3440,2015,124542.0,Low price
361,50412,2017,47129.0,High price
362,25,1994,206162.0,Low price
363,950,2001,229886.0,Low price
364,9270,2017,19490.0,Low price
365,11380,2019,12038.0,Middle price
366,5350,2019,43536.0,Low price
367,2725,2004,308451.0,Low price
368,3790,2015,100893.0,Low price
369,40514,2017,90304.0,High price
372,9190,2017,31394.0,Low price
373,10330,2019,25933.0,Middle price
374,1000,2008,118250.0,Low price
375,2925,2013,46060.0,Low price
376,3830,2015,50593.0,Low price
377,43402,2017,62387.0,High price
378,1025,2009,169634.0,Low price
379,17200,2016,72527.0,Middle price
380,54680,2016,9502.0,High price
381,6940,2010,217290.0,Low price
382,13080,2019,17243.0,Middle price
383,25,2007,194903.0,Low price
384,10630,2015,82899.0,Middle price
385,43009,2017,76418.0,High price
386,25,2003,138441.0,Low price
387,4600,2006,240740.0,Low price
388,4950,2016,71404.0,Low price
389,3760,2019,30382.0,Low price
390,3900,2009,179389.0,Low price
392,3830,2015,82534.0,Low price
393,53500,2017,55732.0,High price
394,25,2010,198596.0,Low price
395,25,1998,300021.0,Low price
396,6240,2015,83623.0,Low price
397,4150,2014,108895.0,Low price
398,25,1999,226972.0,Low price
399,61200,2020,7509.0,High price
401,13500,2014,33542.0,Middle price
402,6490,2015,74754.0,Low price
403,51502,2017,27661.0,High price
404,250,2010,115241.0,Low price
405,25,1984,41577.0,Low price
406,8160,2015,109027.0,Low price
407,7770,2014,72732.0,Low price
408,200,2001,126400.0,Low price
409,25,2008,177422.0,Low price
411,1825,2008,77984.0,Low price
412,39800,2017,23177.0,High price
413,9210,2015,26911.0,Low price
414,58500,2019,21527.0,High price
415,125,2014,56461.0,Low price
416,3960,2015,95128.0,Low price
417,5998,2014,122975.0,Low price
418,3700,2014,162824.0,Low price
422,5000,2012,140339.0,Low price
423,15050,2019,26786.0,Middle price
424,3960,2019,35623.0,Low price
425,36300,2019,14541.0,High price
426,55600,2020,8186.0,High price
427,2630,2018,36739.0,Low price
428,5690,2017,42616.0,Low price
429,19500,2017,65833.0,Middle price
430,450,2008,123515.0,Low price
431,20400,2015,36122.0,Middle price
432,4320,2011,88359.0,Low price
433,33001,2017,35905.0,High price
434,10000,2017,35747.0,Middle price
436,5790,2012,105020.0,Low price
437,14750,2019,11047.0,Middle price
438,4010,2019,31233.0,Low price
439,40000,2019,19427.0,High price
440,13000,2017,71991.0,Middle price
441,3550,2018,29043.0,Low price
442,3040,2017,36064.0,Low price
444,36400,2015,47213.0,High price
445,4480,2011,116480.0,Low price
446,31003,2017,72084.0,High price
447,75,2001,295780.0,Low price
448,8850,2011,148035.0,Low price
449,14750,2019,11396.0,Middle price
450,4690,2019,33785.0,Low price
451,23000,2018,20103.0,Middle price
452,46900,2018,32387.0,High price
453,10740,2018,48140.0,Middle price
454,3160,2017,34861.0,Low price
456,3450,2011,114119.0,Low price
457,27102,2017,34165.0,Middle price
458,500,2018,27442.0,Low price
459,5100,2011,144792.0,Low price
460,15010,2019,11394.0,Middle price
461,5800,2019,30546.0,Low price
462,23200,2018,23745.0,Middle price
463,8000,2015,88274.0,Low price
464,3390,2018,38349.0,Low price
465,3140,2017,30142.0,Low price
466,25,2007,267834.0,Low price
467,15000,2014,44730.0,Middle price
468,10440,2011,92476.0,Middle price
469,23911,2017,25698.0,Middle price
470,25,2010,155242.0,Low price
471,21400,2018,54332.0,Middle price
472,5380,2011,119215.0,Low price
473,11000,2019,8930.0,Middle price
474,4950,2019,46985.0,Low price
475,22500,2018,30220.0,Middle price
476,30300,2017,37021.0,High price
477,2630,2018,43152.0,Low price
478,3140,2017,34318.0,Low price
479,2300,2011,88287.0,Low price
480,4310,2011,105486.0,Low price
481,26012,2017,19850.0,Middle price
482,75,2014,116535.0,Low price
483,48500,2019,15777.0,High price
484,3330,2009,87448.0,Low price
485,11200,2019,8395.0,Middle price
486,4730,2019,30121.0,Low price
487,24900,2018,33687.0,Middle price
488,29400,2017,37561.0,Middle price
489,8350,2018,32256.0,Low price
490,475,2012,902041.0,Low price
491,3210,2017,25255.0,Low price
492,25,2006,165327.0,Low price
493,4200,2006,118009.0,Low price
494,8430,2011,114547.0,Low price
495,25503,2017,18647.0,Middle price
497,26000,2019,16669.0,Middle price
498,3900,2017,47970.0,Low price
499,11200,2019,12905.0,Middle price
500,8610,2019,22123.0,Low price
501,28000,2018,40780.0,Middle price
502,84900,2017,25302.0,High price
503,10840,2017,36596.0,Middle price
504,100,2012,0.0,Low price
505,11050,2017,30421.0,Middle price
507,1000,2005,135675.0,Low price
508,3570,2015,17355.0,Low price
509,25001,2017,27773.0,Middle price
511,5630,2017,58366.0,Low price
512,11100,2019,11229.0,Middle price
513,4650,2019,27492.0,Low price
515,3820,2016,41654.0,Low price
517,2900,2017,31954.0,Low price
518,50,2008,172102.0,Low price
519,5100,2004,173321.0,Low price
520,4700,2015,93423.0,Low price
521,29502,2017,14053.0,Middle price
523,6160,2017,25956.0,Low price
524,10910,2019,12253.0,Middle price
525,3440,2019,34895.0,Low price
526,16000,2016,47753.0,Middle price
527,3810,2016,39408.0,Low price
528,1025,2010,1017936.0,Low price
529,3020,2017,33599.0,Low price
531,2000,2003,507985.0,Low price
532,3870,2010,185983.0,Low price
533,24811,2017,28464.0,Middle price
534,75,2007,154989.0,Low price
535,5420,2017,16702.0,Low price
536,11100,2019,11449.0,Middle price
537,4750,2019,25847.0,Low price
538,17900,2015,49772.0,Middle price
539,3800,2015,83915.0,Low price
540,3160,2017,40306.0,Low price
541,25,2010,149189.0,Low price
542,1200,2001,149543.0,Low price
543,6470,2010,69622.0,Low price
544,26400,2017,36295.0,Middle price
546,32500,2018,14856.0,High price
547,6900,2017,44129.0,Low price
548,11030,2019,10861.0,Middle price
549,3460,2012,142106.0,Low price
550,18000,2015,82411.0,Middle price
551,3250,2015,111612.0,Low price
552,3210,2017,35251.0,Low price
553,13200,2017,50408.0,Middle price
554,27705,2019,15630.0,Middle price
555,7200,2017,53273.0,Low price
556,28714,2019,14786.0,Middle price
557,11200,2017,85315.0,Middle price
558,27502,2019,16146.0,Middle price
559,11900,2017,76211.0,Middle price
560,29314,2019,15265.0,Middle price
561,11200,2017,79965.0,Middle price
562,27002,2019,16059.0,Middle price
563,13200,2017,62739.0,Middle price
564,28214,2019,15569.0,Middle price
565,12700,2017,58932.0,Middle price
566,29900,2019,17488.0,Middle price
567,12700,2017,60733.0,Middle price
568,27202,2019,18550.0,Middle price
569,13500,2018,53194.0,Middle price
570,27705,2019,17644.0,Middle price
571,14700,2016,34454.0,Middle price
572,29900,2019,17684.0,Middle price
573,4500,2015,83279.0,Low price
574,27705,2019,16600.0,Middle price
575,8000,2015,107971.0,Low price
576,25511,2019,17801.0,Middle price
577,7700,2015,94150.0,Low price
578,29900,2019,17159.0,Middle price
579,7200,2015,80711.0,Low price
580,27502,2019,17983.0,Middle price
581,4500,2013,119981.0,Low price
582,27402,2019,17851.0,Middle price
583,1500,2013,66079.0,Low price
584,26602,2019,18174.0,Middle price
585,10200,2019,7654.0,Middle price
586,29900,2019,18759.0,Middle price
587,14000,2019,11564.0,Middle price
588,28500,2019,18901.0,Middle price
589,8000,2016,86541.0,Low price
590,29809,2019,21157.0,Middle price
591,36900,2015,29937.0,High price
592,26902,2019,23964.0,Middle price
593,10950,2015,58504.0,Middle price
594,27402,2019,20154.0,Middle price
595,16900,2014,63500.0,Middle price
596,25600,2019,23294.0,Middle price
597,29700,2016,24293.0,Middle price
598,27702,2019,20343.0,Middle price
599,13500,2016,19655.0,Middle price
600,27102,2019,19100.0,Middle price
601,27102,2019,20014.0,Middle price
602,25811,2019,21774.0,Middle price
603,26602,2019,21201.0,Middle price
604,27102,2019,21766.0,Middle price
605,37500,2019,12406.0,High price
606,26211,2019,17977.0,Middle price
607,24205,2019,22805.0,Middle price
608,37500,2019,16013.0,High price
609,27111,2019,14382.0,Middle price
610,27411,2019,9660.0,Middle price
611,27302,2019,18969.0,Middle price
612,27202,2019,24730.0,Middle price
613,26311,2019,15847.0,Middle price
614,26602,2019,25009.0,Middle price
615,33500,2017,22115.0,High price
616,27511,2019,11836.0,Middle price
617,21500,2017,23765.0,Middle price
618,27200,2019,25508.0,Middle price
619,26511,2019,18196.0,Middle price
620,24002,2019,16106.0,Middle price
621,21500,2017,14907.0,Middle price
622,18511,2019,12735.0,Middle price
623,14000,2017,53424.0,Middle price
624,29000,2017,17940.0,Middle price
625,23402,2019,17417.0,Middle price
626,13300,2017,37125.0,Middle price
627,19700,2017,61428.0,Middle price
628,23211,2019,17025.0,Middle price
629,15500,2017,37668.0,Middle price
630,18111,2019,15805.0,Middle price
631,21500,2017,43761.0,Middle price
632,25511,2019,11342.0,Middle price
633,17700,2017,35664.0,Middle price
634,28000,2017,12780.0,Middle price
635,14000,2017,38458.0,Middle price
636,21700,2017,34420.0,Middle price
637,13500,2017,46497.0,Middle price
638,35500,2017,21268.0,High price
639,29500,2017,31029.0,Middle price
640,25300,2017,40878.0,Middle price
641,21500,2016,20270.0,Middle price
642,25900,2016,32984.0,Middle price
643,35300,2016,75506.0,High price
644,13500,2016,39951.0,Middle price
645,62000,2016,19403.0,High price
646,46000,2016,4445.0,High price
647,9000,2016,67527.0,Low price
648,25900,2016,33588.0,Middle price
649,25800,2016,10103.0,Middle price
650,17000,2016,26474.0,Middle price
651,12800,2016,40253.0,Middle price
652,47400,2016,39624.0,High price
653,24400,2016,48705.0,Middle price
654,17100,2016,19659.0,Middle price
655,7400,2015,91299.0,Low price
656,33100,2015,81614.0,High price
657,22000,2020,179.0,Middle price
658,35000,2019,5523.0,High price
659,16500,2019,29841.0,Middle price
660,35300,2019,8516.0,High price
661,26900,2018,42941.0,Middle price
662,11600,2017,27498.0,Middle price
663,28100,2017,31141.0,Middle price
664,27700,2017,20784.0,Middle price
665,17700,2017,52667.0,Middle price
666,16600,2017,26003.0,Middle price
667,63200,2016,4266.0,High price
668,36800,2015,32332.0,High price
669,19500,2018,44333.0,Middle price
670,38800,2019,36198.0,High price
671,37500,2019,33331.0,High price
672,35000,2019,43082.0,High price
673,31100,2019,24561.0,High price
674,22600,2019,13485.0,Middle price
675,22400,2019,15524.0,Middle price
676,22700,2019,8996.0,Middle price
677,13700,2019,47282.0,Middle price
678,37100,2019,34470.0,High price
679,18500,2018,87264.0,Middle price
680,18300,2017,114344.0,Middle price
681,19000,2017,111635.0,Middle price
682,18500,2017,103955.0,Middle price
683,22500,2016,66640.0,Middle price
684,14500,2014,122018.0,Middle price
685,32800,2018,46915.0,High price
686,12300,2018,53599.0,Middle price
687,19600,2018,41672.0,Middle price
688,13600,2018,36047.0,Middle price
689,7200,2018,42561.0,Low price
690,19900,2018,40345.0,Middle price
691,13000,2018,41751.0,Middle price
692,19700,2016,27593.0,Middle price
693,9400,2017,24009.0,Low price
694,23800,2017,85697.0,Middle price
695,17700,2019,25223.0,Middle price
696,17000,2015,27927.0,Middle price
697,14000,2014,135127.0,Middle price
698,32100,2018,55532.0,High price
699,33100,2019,72172.0,High price
700,31600,2018,57751.0,High price
701,5100,2013,96314.0,Low price
702,4100,2013,89152.0,Low price
703,7200,2014,114660.0,Low price
704,12800,2014,177322.0,Middle price
705,46800,2019,36423.0,High price
706,21800,2019,23759.0,Middle price
707,3000,2013,120667.0,Low price
708,22500,2017,65344.0,Middle price
709,35300,2018,51347.0,High price
710,16500,2017,52322.0,Middle price
711,33000,2017,67620.0,High price
712,31500,2017,59965.0,High price
713,34500,2017,28739.0,High price
714,8000,2016,77429.0,Low price
715,25000,2017,20847.0,Middle price
716,10700,2016,44280.0,Middle price
717,13400,2016,86031.0,Middle price
718,16500,2019,7622.0,Middle price
719,34000,2019,8067.0,High price
720,14100,2018,16502.0,Middle price
721,38600,2019,20681.0,High price
722,9100,2016,54655.0,Low price
723,8600,2016,57825.0,Low price
724,22000,2016,58856.0,Middle price
725,8900,2015,85072.0,Low price
726,15500,2015,79506.0,Middle price
727,3300,2015,85301.0,Low price
728,29000,2015,69377.0,Middle price
729,17300,2020,15577.0,Middle price
730,30500,2020,23470.0,High price
731,25000,2020,18715.0,Middle price
732,2800,2012,61258.0,Low price
733,3300,2012,131791.0,Low price
734,36400,2019,35705.0,High price
735,34800,2019,48982.0,High price
736,20700,2019,33745.0,Middle price
737,32200,2019,42267.0,High price
738,35300,2019,46863.0,High price
739,33500,2019,36443.0,High price
740,13700,2019,14939.0,Middle price
741,15900,2019,22026.0,Middle price
742,33200,2019,38278.0,High price
743,35500,2019,46149.0,High price
744,29800,2018,48427.0,Middle price
745,29800,2018,48807.0,Middle price
746,29500,2018,52618.0,Middle price
747,30300,2018,46494.0,High price
748,24300,2018,56296.0,Middle price
749,29800,2017,33909.0,Middle price
750,29800,2017,33028.0,Middle price
751,27500,2016,44653.0,Middle price
752,10800,2017,80516.0,Middle price
753,11500,2017,105151.0,Middle price
754,10400,2017,78368.0,Middle price
755,11400,2018,78956.0,Middle price
756,11400,2018,88564.0,Middle price
757,8000,2015,78800.0,Low price
758,3000,2012,111856.0,Low price
759,25000,2015,80946.0,Middle price
760,12300,2017,83168.0,Middle price
761,14100,2017,58606.0,Middle price
762,9000,2014,82020.0,Low price
763,4200,2014,102500.0,Low price
764,22500,2019,8150.0,Middle price
765,22600,2019,6159.0,Middle price
766,22600,2019,5938.0,Middle price
767,22500,2019,9019.0,Middle price
768,10200,2018,45836.0,Middle price
769,42700,2016,60215.0,High price
770,21200,2015,125507.0,Middle price
771,22700,2016,90944.0,Middle price
772,22000,2015,82785.0,Middle price
773,9600,2014,150525.0,Low price
774,10500,2013,112267.0,Middle price
775,6700,2013,139394.0,Low price
776,14200,2013,82543.0,Middle price
777,15500,2019,13532.0,Middle price
778,35100,2018,14751.0,High price
779,26300,2018,11150.0,Middle price
780,15700,2016,91248.0,Middle price
781,17600,2016,65336.0,Middle price
782,18600,2016,48974.0,Middle price
783,19100,2016,40011.0,Middle price
784,15200,2019,37444.0,Middle price
785,16100,2019,43199.0,Middle price
786,14800,2019,43589.0,Middle price
787,16700,2019,32870.0,Middle price
788,15300,2019,38826.0,Middle price
789,16500,2019,33739.0,Middle price
790,19600,2019,35309.0,Middle price
791,15200,2019,32248.0,Middle price
792,15000,2019,36165.0,Middle price
793,15500,2019,29922.0,Middle price
794,15700,2019,26848.0,Middle price
795,14800,2019,41163.0,Middle price
796,9200,2017,32856.0,Low price
797,8200,2017,100315.0,Low price
798,11400,2013,91638.0,Middle price
799,6500,2015,83173.0,Low price
800,11500,2014,94356.0,Middle price
801,23800,2015,85792.0,Middle price
802,8900,2014,129068.0,Low price
803,28300,2019,27665.0,Middle price
804,27300,2019,25427.0,Middle price
805,3500,2013,78198.0,Low price
806,28300,2020,13886.0,Middle price
807,18300,2019,34538.0,Middle price
808,22500,2018,20575.0,Middle price
809,22500,2018,26026.0,Middle price
810,8300,2012,99015.0,Low price
811,16500,2019,27327.0,Middle price
812,14500,2019,30229.0,Middle price
813,30000,2019,43294.0,High price
814,30000,2019,54309.0,High price
815,30000,2019,52822.0,High price
816,30000,2019,45554.0,High price
817,30000,2019,37538.0,High price
818,29500,2019,35153.0,Middle price
819,21600,2019,23783.0,Middle price
820,22600,2019,30759.0,Middle price
821,16300,2019,38922.0,Middle price
822,8600,2012,165836.0,Low price
823,28800,2019,19235.0,Middle price
824,22100,2019,9445.0,Middle price
825,14300,2018,19164.0,Middle price
826,13700,2018,54106.0,Middle price
827,29500,2017,32051.0,Middle price
828,18500,2017,14870.0,Middle price
829,19000,2016,32294.0,Middle price
830,43400,2015,7250.0,High price
831,46000,2015,10145.0,High price
832,12500,2018,59924.0,Middle price
833,13900,2017,21304.0,Middle price
834,13000,2018,52079.0,Middle price
835,13000,2018,54960.0,Middle price
836,3000,2013,80099.0,Low price
837,17500,2019,23987.0,Middle price
838,7900,2017,84144.0,Low price
839,8900,2014,85639.0,Low price
840,11500,2018,50193.0,Middle price
841,6500,2017,74392.0,Low price
842,8000,2017,76117.0,Low price
843,18700,2018,36358.0,Middle price
844,8350,2017,90685.0,Low price
845,27900,2017,54141.0,Middle price
846,14500,2016,82240.0,Middle price
847,6200,2016,66167.0,Low price
848,7500,2012,144220.0,Low price
849,20200,2019,24722.0,Middle price
850,29300,2019,41198.0,Middle price
851,31000,2019,26353.0,High price
852,32400,2019,28280.0,High price
853,5800,2012,130120.0,Low price
854,21500,2019,15340.0,Middle price
855,23100,2018,12265.0,Middle price
856,4500,2014,94872.0,Low price
857,24800,2018,17946.0,Middle price
858,23000,2018,26996.0,Middle price
859,26900,2019,5775.0,Middle price
860,21500,2018,6748.0,Middle price
861,15700,2018,38128.0,Middle price
862,15200,2018,41636.0,Middle price
863,23300,2018,5359.0,Middle price
864,6100,2015,70296.0,Low price
865,20000,2017,11346.0,Middle price
866,53000,2017,7415.0,High price
867,3000,2013,107593.0,Low price
868,18200,2016,50639.0,Middle price
869,21800,2019,6530.0,Middle price
870,52000,2016,17432.0,High price
871,19000,2019,19636.0,Middle price
872,25000,2016,41748.0,Middle price
873,36000,2016,13162.0,High price
874,17000,2019,32937.0,Middle price
875,25300,2015,23095.0,Middle price
876,14900,2017,34432.0,Middle price
877,15000,2017,48162.0,Middle price
878,12995,2014,68310.0,Middle price
879,17750,2014,48000.0,Middle price
880,10295,2014,105962.0,Middle price
881,16995,2014,96575.0,Middle price
882,25000,2014,13239.0,Middle price
883,23995,2014,24934.0,Middle price
884,14900,2014,46859.0,Middle price
885,15810,2014,44468.0,Middle price
886,20227,2014,62230.0,Middle price
887,20999,2014,37082.0,Middle price
888,22499,2014,23964.0,Middle price
889,23495,2014,11204.0,Middle price
890,25250,2014,7608.0,Middle price
891,15322,2014,49982.0,Middle price
892,21232,2019,4950.0,Middle price
893,5800,2013,111628.0,Low price
894,29000,2012,15927.0,Middle price
895,17000,2018,36299.0,Middle price
896,13800,2018,28469.0,Middle price
897,30000,2019,29086.0,High price
898,14800,2017,35991.0,Middle price
899,8500,2017,62224.0,Low price
900,9800,2013,86500.0,Low price
901,4200,2014,144725.0,Low price
902,2500,2013,163260.0,Low price
903,28700,2018,19636.0,Middle price
904,18500,2018,34272.0,Middle price
905,17300,2018,42909.0,Middle price
906,7100,2016,55749.0,Low price
907,3250,2015,89142.0,Low price
908,30700,2017,20328.0,High price
909,3000,2012,149332.0,Low price
910,26500,2019,28551.0,Middle price
911,20800,2019,35098.0,Middle price
912,20800,2019,35365.0,Middle price
913,5100,2015,88398.0,Low price
914,18900,2019,27957.0,Middle price
915,24000,2019,30161.0,Middle price
916,38800,2015,26292.0,High price
917,24500,2019,25780.0,Middle price
918,24500,2019,25032.0,Middle price
919,6500,2016,72248.0,Low price
920,24000,2019,30630.0,Middle price
921,18000,2014,86125.0,Middle price
922,24000,2019,30408.0,Middle price
923,23500,2019,35443.0,Middle price
924,4500,2014,95377.0,Low price
925,25900,2019,32724.0,Middle price
926,13900,2019,45089.0,Middle price
927,14200,2019,35948.0,Middle price
928,15400,2019,41601.0,Middle price
929,17500,2019,26370.0,Middle price
930,17500,2019,18271.0,Middle price
931,18000,2019,9476.0,Middle price
932,25200,2012,80899.0,Middle price
933,14100,2018,57394.0,Middle price
934,13300,2018,42190.0,Middle price
935,16200,2019,22591.0,Middle price
936,13300,2018,48681.0,Middle price
937,13100,2018,42621.0,Middle price
938,15500,2017,27761.0,Middle price
939,4500,2013,107768.0,Low price
940,28400,2019,14355.0,Middle price
941,17400,2019,9467.0,Middle price
942,6000,2014,122837.0,Low price
943,20700,2019,18313.0,Middle price
944,20300,2019,19506.0,Middle price
945,14000,2018,14750.0,Middle price
946,22000,2019,11280.0,Middle price
947,17200,2019,13944.0,Middle price
948,15000,2016,26922.0,Middle price
949,17500,2019,12690.0,Middle price
950,1300,2013,239822.0,Low price
951,1750,2014,74975.0,Low price
952,16300,2019,28289.0,Middle price
953,15700,2019,38041.0,Middle price
954,10000,2017,52386.0,Middle price
955,23100,2019,34391.0,Middle price
956,14900,2019,39515.0,Middle price
957,16700,2019,22074.0,Middle price
958,16300,2019,28782.0,Middle price
959,25800,2019,30092.0,Middle price
960,23800,2019,26443.0,Middle price
961,16800,2019,28981.0,Middle price
962,15500,2019,32865.0,Middle price
963,6000,2014,117258.0,Low price
964,26900,2019,16397.0,Middle price
965,16900,2019,16176.0,Middle price
966,19500,2019,1091.0,Middle price
967,15400,2019,17472.0,Middle price
968,2300,2012,123882.0,Low price
969,17000,2019,10341.0,Middle price
970,34000,2019,19695.0,High price
971,13700,2017,51041.0,Middle price
972,19100,2018,22646.0,Middle price
973,11800,2018,18138.0,Middle price
974,27500,2019,23987.0,Middle price
975,26900,2019,17160.0,Middle price
976,27100,2019,26929.0,Middle price
977,27200,2019,25815.0,Middle price
978,9000,2017,81992.0,Low price
979,22500,2019,5000.0,Middle price
980,7700,2015,62683.0,Low price
981,4500,2013,107224.0,Low price
982,2200,2013,184905.0,Low price
983,21500,2019,35153.0,Middle price
984,18800,2019,26474.0,Middle price
985,21800,2019,30943.0,Middle price
986,20300,2019,17154.0,Middle price
987,8200,2016,79637.0,Low price
988,19000,2019,12123.0,Middle price
989,8400,2016,107822.0,Low price
990,19500,2019,10221.0,Middle price
991,7000,2015,95278.0,Low price
992,19500,2019,13457.0,Middle price
993,8500,2014,69936.0,Low price
994,20500,2019,13520.0,Middle price
995,4900,2014,96922.0,Low price
996,20800,2014,72594.0,Middle price
997,28500,2019,17896.0,Middle price
998,21900,2019,11088.0,Middle price
999,15800,2019,29567.0,Middle price
1000,33000,2019,15655.0,High price
1001,22700,2019,26428.0,Middle price
1002,21900,2019,29003.0,Middle price
1003,19300,2019,32229.0,Middle price
1004,30700,2019,26503.0,High price
1005,19300,2019,15446.0,Middle price
1006,13750,2014,128556.0,Middle price
1007,16400,2019,23369.0,Middle price
1008,19500,2019,8767.0,Middle price
1009,15100,2019,48319.0,Middle price
1010,28500,2019,15275.0,Middle price
1011,15300,2019,33826.0,Middle price
1012,20300,2019,16679.0,Middle price
1013,22000,2019,26184.0,Middle price
1014,16700,2019,21203.0,Middle price
1015,19300,2019,17870.0,Middle price
1016,34100,2019,17909.0,High price
1017,14600,2019,41126.0,Middle price
1018,18200,2019,14098.0,Middle price
1019,33800,2019,15003.0,High price
1020,15900,2019,29105.0,Middle price
1021,16500,2019,34794.0,Middle price
1022,29600,2019,20034.0,Middle price
1023,14100,2019,46942.0,Middle price
1024,18200,2019,14753.0,Middle price
1025,18200,2019,14359.0,Middle price
1026,24300,2019,34922.0,Middle price
1027,15400,2019,20944.0,Middle price
1028,19000,2019,9877.0,Middle price
1029,19000,2019,8949.0,Middle price
1030,27800,2017,13627.0,Middle price
1031,18200,2019,18291.0,Middle price
1032,15000,2018,38029.0,Middle price
1033,19200,2017,32593.0,Middle price
1034,15500,2018,37352.0,Middle price
1035,24900,2017,23030.0,Middle price
1036,15500,2018,30671.0,Middle price
1037,7600,2012,79544.0,Low price
1038,18400,2017,15027.0,Middle price
1039,14700,2018,29115.0,Middle price
1040,3900,2015,93604.0,Low price
1041,5200,2015,100203.0,Low price
1042,17200,2019,35401.0,Middle price
1043,18700,2019,20279.0,Middle price
1044,32000,2019,26090.0,High price
1045,14500,2015,107924.0,Middle price
1046,19400,2019,14906.0,Middle price
1047,17300,2019,34407.0,Middle price
1048,16700,2019,18049.0,Middle price
1049,19100,2019,18132.0,Middle price
1050,11100,2013,109176.0,Middle price
1051,32000,2019,25456.0,High price
1052,16900,2019,38375.0,Middle price
1053,18000,2017,39792.0,Middle price
1054,17800,2019,30403.0,Middle price
1055,18000,2019,28252.0,Middle price
1056,17500,2019,31904.0,Middle price
1057,14500,2018,24336.0,Middle price
1058,18500,2019,23961.0,Middle price
1059,18600,2019,22919.0,Middle price
1060,32000,2019,22863.0,High price
1061,17000,2019,38817.0,Middle price
1062,16000,2019,48854.0,Middle price
1063,18000,2019,27288.0,Middle price
1064,15900,2020,5284.0,Middle price
1065,6200,2016,99988.0,Low price
1066,3700,2013,84109.0,Low price
1067,24000,2012,88539.0,Middle price
1068,20800,2013,33739.0,Middle price
1069,18500,2012,101017.0,Middle price
1070,18300,2019,13906.0,Middle price
1071,21000,2019,20601.0,Middle price
1072,1300,2013,135561.0,Low price
1073,11900,2019,23421.0,Middle price
1074,950,2012,145174.0,Low price
1075,26800,2019,21309.0,Middle price
1076,800,2012,217576.0,Low price
1077,21000,2019,10350.0,Middle price
1078,1900,2012,157636.0,Low price
1079,33500,2019,8605.0,High price
1080,900,2013,139404.0,Low price
1081,21000,2019,10170.0,Middle price
1082,26800,2019,22272.0,Middle price
1083,5700,2016,101906.0,Low price
1084,18500,2019,27019.0,Middle price
1085,33000,2019,10930.0,High price
1086,11000,2019,73552.0,Middle price
1087,15800,2019,37107.0,Middle price
1088,3600,2013,124247.0,Low price
1089,16300,2019,36993.0,Middle price
1090,2700,2015,67133.0,Low price
1091,12800,2019,33580.0,Middle price
1092,9700,2015,94140.0,Low price
1093,18300,2019,10447.0,Middle price
1094,16000,2019,10229.0,Middle price
1095,21000,2019,6269.0,Middle price
1096,3700,2014,98699.0,Low price
1097,33000,2019,10631.0,High price
1098,14700,2019,44381.0,Middle price
1099,33000,2019,13960.0,High price
1100,15900,2019,14051.0,Middle price
1101,33000,2019,20800.0,High price
1102,33000,2019,8873.0,High price
1103,32500,2019,15502.0,High price
1104,33000,2019,9669.0,High price
1105,13000,2018,50873.0,Middle price
1106,33000,2019,14117.0,High price
1107,16500,2019,46820.0,Middle price
1108,33000,2019,7247.0,High price
1109,34500,2017,40991.0,High price
1110,33500,2019,9023.0,High price
1111,48000,2018,8047.0,High price
1112,54500,2019,3966.0,High price
1113,13200,2018,41014.0,Middle price
1114,31500,2018,20907.0,High price
1115,17400,2017,89795.0,Middle price
1116,26000,2017,57158.0,Middle price
1117,1700,2013,126718.0,Low price
1118,11000,2013,83976.0,Middle price
1119,21000,2018,12554.0,Middle price
1120,5500,2015,60707.0,Low price
1121,7500,2014,40110.0,Low price
1122,15800,2019,28038.0,Middle price
1123,16900,2019,26643.0,Middle price
1124,25000,2019,36127.0,Middle price
1125,18000,2019,19983.0,Middle price
1126,15600,2019,29926.0,Middle price
1127,23800,2019,36750.0,Middle price
1128,16800,2019,27312.0,Middle price
1129,22700,2019,49575.0,Middle price
1130,23300,2019,30279.0,Middle price
1131,23500,2019,25825.0,Middle price
1132,25500,2019,32474.0,Middle price
1133,21800,2019,30585.0,Middle price
1134,22800,2019,36203.0,Middle price
1135,18200,2019,29602.0,Middle price
1136,23500,2019,28689.0,Middle price
1137,25700,2019,31447.0,Middle price
1138,15700,2019,39148.0,Middle price
1139,17500,2018,33495.0,Middle price
1140,15700,2019,35274.0,Middle price
1141,16500,2018,48745.0,Middle price
1142,16100,2019,31297.0,Middle price
1143,15600,2019,38745.0,Middle price
1144,15400,2019,37704.0,Middle price
1145,28200,2017,27060.0,Middle price
1146,15300,2019,40002.0,Middle price
1147,15900,2019,34930.0,Middle price
1148,17700,2016,22863.0,Middle price
1149,15800,2019,36876.0,Middle price
1150,15900,2019,34264.0,Middle price
1151,25300,2019,17515.0,Middle price
1152,16300,2019,27071.0,Middle price
1153,29500,2019,14656.0,Middle price
1154,14500,2019,35652.0,Middle price
1155,15400,2019,30055.0,Middle price
1156,15400,2019,43088.0,Middle price
1157,15100,2019,33641.0,Middle price
1158,15000,2019,34797.0,Middle price
1159,15500,2019,43943.0,Middle price
1160,15000,2019,35744.0,Middle price
1161,15200,2019,31542.0,Middle price
1162,15700,2019,26899.0,Middle price
1163,16100,2019,29985.0,Middle price
1164,16300,2018,37009.0,Middle price
1165,16000,2019,30731.0,Middle price
1166,16900,2019,30062.0,Middle price
1167,17000,2019,28295.0,Middle price
1168,17300,2019,25534.0,Middle price
1169,15900,2019,29716.0,Middle price
1170,15700,2019,34294.0,Middle price
1171,16900,2019,27643.0,Middle price
1172,15500,2019,35516.0,Middle price
1173,15100,2019,40674.0,Middle price
1174,15500,2019,32494.0,Middle price
1175,15400,2019,35047.0,Middle price
1176,16500,2019,32898.0,Middle price
1177,42500,2015,13740.0,High price
1178,16600,2019,23132.0,Middle price
1179,15200,2019,37174.0,Middle price
1180,15800,2019,34023.0,Middle price
1181,16900,2019,30021.0,Middle price
1182,11100,2017,51469.0,Middle price
1183,15600,2019,31237.0,Middle price
1184,16900,2019,30186.0,Middle price
1185,15300,2019,41956.0,Middle price
1186,16600,2019,30727.0,Middle price
1187,21800,2017,38956.0,Middle price
1188,36500,2018,22036.0,High price
1189,26300,2019,26462.0,Middle price
1190,20900,2019,23143.0,Middle price
1191,20100,2019,17340.0,Middle price
1192,26700,2019,29749.0,Middle price
1193,23900,2019,35248.0,Middle price
1194,14500,2018,40417.0,Middle price
1195,23000,2017,30309.0,Middle price
1196,15000,2018,42303.0,Middle price
1197,15000,2018,35326.0,Middle price
1198,28500,2017,92100.0,Middle price
1199,28000,2017,99375.0,Middle price
1200,9000,2017,72418.0,Low price
1201,28700,2015,29733.0,Middle price
1202,25000,2017,119439.0,Middle price
1203,17347,2015,54396.0,Middle price
1204,13800,2016,91606.0,Middle price
1205,25888,2015,2807.0,Middle price
1206,8500,2017,78739.0,Low price
1207,21289,2015,71955.0,Middle price
1208,17999,2015,48472.0,Middle price
1209,2700,2012,98470.0,Low price
1210,30977,2015,28937.0,High price
1211,13799,2015,83693.0,Middle price
1212,20500,2014,90888.0,Middle price
1213,8500,2012,216942.0,Low price
1214,9900,2015,205796.0,Low price
1215,65500,2019,6500.0,High price
1216,24500,2018,39943.0,Middle price
1217,32500,2020,5920.0,High price
1218,9200,2018,71478.0,Low price
1219,17700,2017,119520.0,Middle price
1220,18300,2020,10882.0,Middle price
1221,43500,2019,29010.0,High price
1222,15200,2016,69003.0,Middle price
1223,36200,2019,16207.0,High price
1224,21900,2018,29748.0,Middle price
1225,20700,2019,25582.0,Middle price
1226,12300,2019,24520.0,Middle price
1227,4200,2016,104383.0,Low price
1228,19500,2019,34164.0,Middle price
1229,14300,2020,6975.0,Middle price
1230,13700,2016,67150.0,Middle price
1231,13200,2015,100820.0,Middle price
1232,6200,2014,142286.0,Low price
1233,6500,2015,60015.0,Low price
1234,1500,2013,126381.0,Low price
1235,2200,2013,128753.0,Low price
1236,4200,2013,0.0,Low price
1237,8700,2013,64598.0,Low price
1238,3200,2012,111532.0,Low price
1239,9000,2012,149346.0,Low price
1240,20000,2018,43567.0,Middle price
1241,33000,2017,36004.0,High price
1242,23300,2019,10935.0,Middle price
1243,8750,2017,150484.0,Low price
1244,11975,2012,122014.0,Middle price
1245,23600,2019,19363.0,Middle price
1246,12000,2016,42902.0,Middle price
1247,30900,2018,401.0,High price
1248,23900,2019,11077.0,Middle price
1249,40400,2018,34100.0,High price
1250,38000,2019,30018.0,High price
1251,27000,2019,18279.0,Middle price
1252,24000,2019,7373.0,Middle price
1253,30000,2019,2590.0,High price
1254,16200,2019,41662.0,Middle price
1255,30000,2019,15019.0,High price
1256,23900,2019,9420.0,Middle price
1257,13800,2018,41864.0,Middle price
1258,23700,2019,16829.0,Middle price
1259,24300,2018,6290.0,Middle price
1260,54900,2019,14393.0,High price
1261,22500,2018,14599.0,Middle price
1262,39000,2018,25839.0,High price
1263,13900,2018,60715.0,Middle price
1264,24700,2018,23350.0,Middle price
1265,20100,2018,62386.0,Middle price
1266,22000,2018,6248.0,Middle price
1267,38200,2019,878.0,High price
1268,24400,2018,49710.0,Middle price
1269,35000,2018,2042.0,High price
1270,18600,2019,7742.0,Middle price
1271,22700,2018,39733.0,Middle price
1272,38000,2018,33701.0,High price
1273,17000,2014,67542.0,Middle price
1274,17500,2017,35095.0,Middle price
1275,23200,2019,8652.0,Middle price
1276,30700,2017,51107.0,High price
1277,23500,2019,14987.0,Middle price
1278,26400,2017,28252.0,Middle price
1279,23500,2019,16009.0,Middle price
1280,38000,2017,47866.0,High price
1281,23600,2019,11004.0,Middle price
1282,19300,2017,42895.0,Middle price
1283,23200,2019,9490.0,Middle price
1284,13800,2017,39027.0,Middle price
1285,23600,2019,13466.0,Middle price
1286,23200,2019,8737.0,Middle price
1287,40000,2017,23960.0,High price
1288,23400,2019,5562.0,Middle price
1289,23600,2019,13763.0,Middle price
1290,23000,2019,10444.0,Middle price
1291,25500,2017,41696.0,Middle price
1292,23500,2019,15787.0,Middle price
1293,29900,2017,9167.0,Middle price
1294,23200,2019,17541.0,Middle price
1295,50500,2017,24686.0,High price
1296,23400,2019,15210.0,Middle price
1297,24500,2017,54601.0,Middle price
1298,49000,2017,2205.0,High price
1299,25400,2017,35691.0,Middle price
1300,23000,2017,32788.0,Middle price
1301,6000,2012,180471.0,Low price
1302,22400,2016,42925.0,Middle price
1303,22500,2016,37385.0,Middle price
1304,25200,2019,15415.0,Middle price
1305,36000,2016,20047.0,High price
1306,26700,2019,16884.0,Middle price
1307,30500,2016,57936.0,High price
1308,26700,2019,15244.0,Middle price
1309,25000,2019,19842.0,Middle price
1310,35200,2016,38830.0,High price
1311,30300,2019,31899.0,High price
1312,25000,2016,69305.0,Middle price
1313,26500,2016,46098.0,Middle price
1314,21600,2019,29457.0,Middle price
1315,18800,2016,30765.0,Middle price
1316,21500,2019,29096.0,Middle price
1317,9000,2016,40437.0,Low price
1318,16700,2015,69004.0,Middle price
1319,16800,2015,65179.0,Middle price
1320,15700,2015,75862.0,Middle price
1321,16800,2015,68319.0,Middle price
1322,19500,2015,80354.0,Middle price
1323,20500,2015,51441.0,Middle price
1324,17400,2015,70954.0,Middle price
1325,17500,2014,92500.0,Middle price
1326,26000,2014,66367.0,Middle price
1327,56700,2019,13884.0,High price
1328,5000,2013,202565.0,Low price
1329,40200,2019,26484.0,High price
1330,54000,2013,703.0,High price
1331,65200,2019,18138.0,High price
1332,32500,2017,28007.0,High price
1333,25500,2019,11251.0,Middle price
1334,63000,2019,11640.0,High price
1335,44000,2019,10763.0,High price
1336,70000,2019,9643.0,High price
1337,56200,2019,33930.0,High price
1338,35000,2019,26451.0,High price
1339,57700,2019,21101.0,High price
1340,74000,2019,10536.0,High price
1341,60200,2019,31744.0,High price
1342,60000,2018,18062.0,High price
1343,63000,2018,17942.0,High price
1344,22500,2014,43646.0,Middle price
1345,8300,2014,71989.0,Low price
1346,8300,2012,138328.0,Low price
1347,21000,2013,95386.0,Middle price
1348,19300,2019,23740.0,Middle price
1349,16400,2019,36064.0,Middle price
1350,27300,2019,18805.0,Middle price
1351,26400,2012,151035.0,Middle price
1352,35100,2019,10099.0,High price
1353,41500,2018,9800.0,High price
1354,34100,2019,10483.0,High price
1355,28600,2019,17544.0,Middle price
1356,34100,2019,10167.0,High price
1357,28700,2019,11457.0,Middle price
1358,24700,2019,26590.0,Middle price
1359,46500,2019,35346.0,High price
1360,29000,2019,12953.0,Middle price
1361,25500,2019,26693.0,Middle price
1362,39500,2019,25071.0,High price
1363,33100,2019,33538.0,High price
1364,30500,2019,9915.0,High price
1365,3600,2018,1.0,Low price
1366,16800,2019,9910.0,Middle price
1367,24000,2019,16765.0,Middle price
1368,58500,2019,4970.0,High price
1369,55000,2017,43964.0,High price
1370,28800,2019,40785.0,Middle price
1371,26800,2015,108998.0,Middle price
1372,36000,2018,58576.0,High price
1373,20000,2018,55475.0,Middle price
1374,46700,2019,35929.0,High price
1375,42800,2019,21669.0,High price
1376,21800,2018,16079.0,Middle price
1377,18800,2018,41147.0,Middle price
1378,18800,2018,45798.0,Middle price
1379,30200,2018,21703.0,High price
1380,27500,2018,22284.0,Middle price
1381,37500,2018,24567.0,High price
1382,19100,2018,30594.0,Middle price
1383,17100,2018,52747.0,Middle price
1384,13500,2018,21592.0,Middle price
1385,54500,2018,19853.0,High price
1386,9000,2018,25201.0,Low price
1387,16400,2020,10351.0,Middle price
1388,17000,2020,1117.0,Middle price
1389,24800,2017,37279.0,Middle price
1390,26800,2017,30113.0,Middle price
1391,19400,2017,27570.0,Middle price
1392,20000,2017,45188.0,Middle price
1393,7000,2012,149712.0,Low price
1394,25100,2017,25030.0,Middle price
1395,2000,2013,105743.0,Low price
1396,18200,2020,9861.0,Middle price
1397,14200,2018,1751.0,Middle price
1398,56500,2017,30629.0,High price
1399,2000,2016,52883.0,Low price
1400,26500,2020,122.0,Middle price
1401,34300,2019,28534.0,High price
1402,43500,2017,80699.0,High price
1403,3500,2016,72851.0,Low price
1404,37200,2019,24078.0,High price
1405,12800,2017,38639.0,Middle price
1406,15000,2013,146807.0,Middle price
1407,12500,2017,31871.0,Middle price
1408,21500,2017,76876.0,Middle price
1409,17300,2019,28070.0,Middle price
1410,27000,2017,3189.0,Middle price
1411,31800,2017,28359.0,High price
1412,13000,2017,42890.0,Middle price
1413,31800,2017,29328.0,High price
1414,46300,2016,47531.0,High price
1415,6000,2015,57345.0,Low price
1416,22800,2016,67546.0,Middle price
1417,45000,2019,18153.0,High price
1418,49500,2019,17689.0,High price
1419,3000,2012,137171.0,Low price
1420,20000,2015,63445.0,Middle price
1421,25300,2019,26422.0,Middle price
1422,4000,2015,149319.0,Low price
1423,45500,2019,18767.0,High price
1424,9100,2018,38289.0,Low price
1425,48000,2019,22960.0,High price
1426,47000,2019,17263.0,High price
1427,49500,2019,16981.0,High price
1428,31200,2019,13058.0,High price
1429,18500,2014,45887.0,Middle price
1430,15500,2019,21740.0,Middle price
1431,30500,2019,17707.0,High price
1432,45500,2019,19121.0,High price
1433,31500,2019,18856.0,High price
1434,11000,2013,84752.0,Middle price
1435,46500,2019,19555.0,High price
1436,31500,2019,16340.0,High price
1437,32000,2018,17242.0,High price
1438,23900,2019,28733.0,Middle price
1439,31500,2019,16019.0,High price
1440,18500,2016,75580.0,Middle price
1441,1500,2013,113444.0,Low price
1442,46000,2019,19227.0,High price
1443,31500,2019,13633.0,High price
1444,14700,2015,37739.0,Middle price
1445,2700,2013,103541.0,Low price
1446,47500,2019,24072.0,High price
1447,31500,2019,17657.0,High price
1448,8900,2014,77392.0,Low price
1449,7000,2019,11930.0,Low price
1450,49000,2019,19731.0,High price
1451,31500,2019,15581.0,High price
1452,8900,2014,70181.0,Low price
1453,48000,2019,16143.0,High price
1454,50000,2019,17995.0,High price
1455,47300,2019,23926.0,High price
1456,45000,2017,57929.0,High price
1457,49000,2019,20758.0,High price
1458,40200,2019,10028.0,High price
1459,48000,2019,21051.0,High price
1460,5000,2015,136307.0,Low price
1461,8200,2013,105880.0,Low price
1462,49000,2019,19985.0,High price
1463,4000,2015,102590.0,Low price
1464,39000,2019,27612.0,High price
1465,29000,2015,90855.0,Middle price
1466,46500,2019,19936.0,High price
1467,7805,2015,64495.0,Low price
1468,22000,2018,39477.0,Middle price
1469,18800,2019,25698.0,Middle price
1470,33000,2015,73849.0,High price
1471,39500,2019,25422.0,High price
1472,16900,2015,47866.0,Middle price
1473,42500,2019,31236.0,High price
1474,39500,2019,26755.0,High price
1475,25500,2018,49177.0,Middle price
1476,49500,2019,20749.0,High price
1477,25000,2018,15003.0,Middle price
1478,40000,2019,12247.0,High price
1479,26000,2018,1.0,Middle price
1480,29500,2019,10808.0,Middle price
1481,23000,2019,11263.0,Middle price
1482,25500,2018,42307.0,Middle price
1483,44500,2019,17484.0,High price
1484,15600,2019,37106.0,Middle price
1485,23100,2019,9539.0,Middle price
1486,37000,2019,2384.0,High price
1487,14500,2019,20590.0,Middle price
1488,23000,2019,13896.0,Middle price
1489,26500,2019,9451.0,Middle price
1490,18000,2017,31657.0,Middle price
1491,35700,2019,33907.0,High price
1492,31000,2019,10028.0,High price
1493,2000,2013,175640.0,Low price
1494,40400,2019,30770.0,High price
1495,43600,2019,15141.0,High price
1496,22600,2019,18431.0,Middle price
1497,26000,2019,9604.0,Middle price
1498,23200,2019,9516.0,Middle price
1499,29000,2019,9718.0,Middle price
1500,22800,2019,16506.0,Middle price
1501,3450,2015,192108.0,Low price
1502,31000,2019,11028.0,High price
1503,22900,2019,11313.0,Middle price
1504,3000,2014,141595.0,Low price
1505,28000,2019,12886.0,Middle price
1506,23200,2019,9556.0,Middle price
1507,27000,2019,13269.0,Middle price
1508,22800,2019,16770.0,Middle price
1509,31500,2019,13526.0,High price
1510,23400,2019,16391.0,Middle price
1511,28000,2019,11437.0,Middle price
1512,23400,2019,17964.0,Middle price
1513,28000,2018,5440.0,Middle price
1514,24900,2019,13035.0,Middle price
1515,23500,2019,15759.0,Middle price
1516,36000,2018,30002.0,High price
1517,28700,2019,13673.0,Middle price
1518,16000,2018,24480.0,Middle price
1519,31000,2019,13230.0,High price
1520,16500,2017,137789.0,Middle price
1521,28500,2019,13516.0,Middle price
1522,10800,2017,81660.0,Middle price
1523,28500,2019,11763.0,Middle price
1524,25000,2017,34165.0,Middle price
1525,31000,2019,13458.0,High price
1526,7800,2016,104867.0,Low price
1527,28500,2019,14004.0,Middle price
1528,9500,2016,69829.0,Low price
1529,28500,2019,13405.0,Middle price
1530,14500,2016,96151.0,Middle price
1531,25000,2019,12688.0,Middle price
1532,14500,2016,116519.0,Middle price
1533,28500,2019,12260.0,Middle price
1534,12100,2016,29367.0,Middle price
1535,29400,2019,18982.0,Middle price
1536,24700,2019,23795.0,Middle price
1537,8700,2016,76572.0,Low price
1538,29500,2019,15964.0,Middle price
1539,25800,2019,28117.0,Middle price
1540,17500,2016,116730.0,Middle price
1541,23900,2019,21055.0,Middle price
1542,22900,2019,27794.0,Middle price
1543,19500,2016,56995.0,Middle price
1544,29500,2019,16625.0,Middle price
1545,24500,2019,27689.0,Middle price
1546,11000,2016,39851.0,Middle price
1547,22400,2019,31727.0,Middle price
1548,15700,2019,31586.0,Middle price
1549,11000,2015,33717.0,Middle price
1550,28000,2019,18418.0,Middle price
1551,13500,2019,39013.0,Middle price
1552,7300,2013,125451.0,Low price
1553,25100,2019,21346.0,Middle price
1554,24100,2019,21150.0,Middle price
1555,6500,2014,103862.0,Low price
1556,10500,2019,22001.0,Middle price
1557,16900,2019,31261.0,Middle price
1558,6000,2013,140870.0,Low price
1559,28500,2019,14358.0,Middle price
1560,16200,2019,41672.0,Middle price
1561,6500,2013,95655.0,Low price
1562,24500,2019,19493.0,Middle price
1563,16500,2019,36956.0,Middle price
1564,56500,2017,23223.0,High price
1565,10400,2019,13085.0,Middle price
1566,22800,2018,36124.0,Middle price
1567,26500,2019,19147.0,Middle price
1568,23800,2019,24993.0,Middle price
1569,24700,2018,41127.0,Middle price
1570,12400,2019,32365.0,Middle price
1571,16600,2019,27774.0,Middle price
1572,11200,2015,105027.0,Middle price
1573,15900,2019,27806.0,Middle price
1574,7700,2015,54198.0,Low price
1575,15100,2019,30181.0,Middle price
1576,7200,2013,82670.0,Low price
1577,15600,2019,36305.0,Middle price
1578,39700,2019,10475.0,High price
1579,16000,2019,34734.0,Middle price
1580,7500,2012,186713.0,Low price
1581,15500,2017,132150.0,Middle price
1582,19000,2019,12928.0,Middle price
1583,5500,2015,116539.0,Low price
1584,38700,2018,59549.0,High price
1585,21000,2019,12174.0,Middle price
1586,28500,2016,96129.0,Middle price
1587,37200,2018,89809.0,High price
1588,18500,2019,18202.0,Middle price
1589,15000,2015,128505.0,Middle price
1590,37700,2017,43527.0,High price
1591,22200,2019,15792.0,Middle price
1592,39950,2019,9278.0,High price
1593,37600,2017,41925.0,High price
1594,18500,2019,16924.0,Middle price
1595,10000,2013,119869.0,Middle price
1596,20500,2019,17260.0,Middle price
1597,5700,2013,89490.0,Low price
1598,21000,2019,40772.0,Middle price
1599,22500,2019,25623.0,Middle price
1600,29000,2019,11669.0,Middle price
1601,13200,2013,138524.0,Middle price
1602,25500,2019,13644.0,Middle price
1603,25700,2016,147935.0,Middle price
1604,18900,2015,44456.0,Middle price
1605,31500,2019,20357.0,High price
1606,45500,2017,66366.0,High price
1607,11000,2017,43532.0,Middle price
1608,18288,2015,45218.0,Middle price
1609,20000,2017,85688.0,Middle price
1610,36600,2016,58902.0,High price
1611,18299,2015,59869.0,Middle price
1612,10000,2017,35021.0,Middle price
1613,4100,2012,100264.0,Low price
1614,30995,2015,157057.0,High price
1615,1750,2012,181316.0,Low price
1616,31500,2019,23222.0,High price
1617,13500,2016,87686.0,Middle price
1618,7500,2014,162918.0,Low price
1619,650,2017,0.0,Low price
1620,22800,2019,32526.0,Middle price
1621,11300,2016,69402.0,Middle price
1622,32700,2014,76336.0,High price
1623,1350,2012,163334.0,Low price
1624,21900,2019,47628.0,Middle price
1625,11700,2014,135283.0,Middle price
1626,6500,2014,147903.0,Low price
1627,9800,2014,74181.0,Low price
1628,11000,2014,77386.0,Middle price
1629,1150,2014,123349.0,Low price
1630,13000,2013,136661.0,Middle price
1631,5500,2013,109600.0,Low price
1632,6000,2014,125369.0,Low price
1633,11200,2013,122861.0,Middle price
1634,5000,2016,110826.0,Low price
1635,23400,2019,12198.0,Middle price
1636,13500,2019,45512.0,Middle price
1637,22900,2019,15656.0,Middle price
1638,20000,2020,23984.0,Middle price
1639,22900,2019,15821.0,Middle price
1640,27000,2020,12748.0,Middle price
1641,54500,2019,9865.0,High price
1642,20600,2020,17858.0,Middle price
1643,23500,2019,6711.0,Middle price
1644,53000,2019,14939.0,High price
1645,23600,2019,15820.0,Middle price
1646,33500,2019,6140.0,High price
1647,24400,2019,25552.0,Middle price
1648,13000,2016,54984.0,Middle price
1649,48400,2019,24783.0,High price
1650,26500,2014,148442.0,Middle price
1651,46200,2019,34191.0,High price
1652,9300,2013,82072.0,Low price
1653,13500,2012,104559.0,Middle price
1654,27600,2019,13265.0,Middle price
1655,7400,2013,133314.0,Low price
1656,26500,2019,22458.0,Middle price
1657,26000,2013,70106.0,Middle price
1658,24500,2019,23712.0,Middle price
1659,2100,2012,101848.0,Low price
1660,16700,2019,14994.0,Middle price
1661,17500,2015,59726.0,Middle price
1662,17000,2019,16448.0,Middle price
1663,22500,2015,28801.0,Middle price
1664,34500,2019,28938.0,High price
1665,16600,2019,19022.0,Middle price
1666,7500,2014,93832.0,Low price
1667,34500,2019,25046.0,High price
1668,25000,2019,22318.0,Middle price
1669,36000,2019,17301.0,High price
1670,23700,2019,27413.0,Middle price
1671,28600,2019,39733.0,Middle price
1672,23500,2013,74195.0,Middle price
1673,25300,2019,44383.0,Middle price
1674,24900,2019,19151.0,Middle price
1675,20300,2012,188394.0,Middle price
1676,23400,2020,2452.0,Middle price
1677,14600,2019,36252.0,Middle price
1678,25500,2019,27136.0,Middle price
1679,14700,2019,35951.0,Middle price
1680,33700,2019,35221.0,High price
1681,33400,2019,33808.0,High price
1682,34000,2019,32022.0,High price
1683,17500,2019,34173.0,Middle price
1684,14100,2019,24272.0,Middle price
1685,30000,2019,19055.0,High price
1686,16500,2019,34822.0,Middle price
1687,30600,2019,15422.0,High price
1688,12800,2019,24765.0,Middle price
1689,26000,2019,23019.0,Middle price
1690,46000,2019,38243.0,High price
1691,28500,2019,16509.0,Middle price
1692,24300,2019,18762.0,Middle price
1693,29000,2019,28854.0,Middle price
1694,15300,2019,17392.0,Middle price
1695,27900,2019,13558.0,Middle price
1696,24700,2019,27082.0,Middle price
1697,14400,2019,17510.0,Middle price
1698,15000,2019,24662.0,Middle price
1699,17200,2014,96076.0,Middle price
1700,12800,2019,22858.0,Middle price
1701,46900,2020,740.0,High price
1702,2800,2013,110748.0,Low price
1703,16200,2019,25090.0,Middle price
1704,25200,2020,7.0,Middle price
1705,34800,2019,34277.0,High price
1706,52000,2019,34527.0,High price
1707,26000,2017,99923.0,Middle price
1708,40600,2019,39170.0,High price
1709,55000,2019,16569.0,High price
1710,5000,2015,80612.0,Low price
1711,36400,2019,36616.0,High price
1712,7500,2015,92165.0,Low price
1713,14700,2019,44778.0,Middle price
1714,43900,2020,2089.0,High price
1715,6400,2013,91652.0,Low price
1716,41100,2019,35801.0,High price
1717,23000,2013,88781.0,Middle price
1718,13900,2019,36978.0,Middle price
1719,19000,2012,189776.0,Middle price
1720,34800,2019,35233.0,High price
1721,22000,2012,151641.0,Middle price
1722,16300,2019,37044.0,Middle price
1723,18800,2019,15835.0,Middle price
1724,13000,2012,201187.0,Middle price
1725,40900,2019,41928.0,High price
1726,47000,2019,37059.0,High price
1727,12800,2017,33763.0,Middle price
1728,25500,2019,29850.0,Middle price
1729,17800,2019,26675.0,Middle price
1730,25700,2019,17828.0,Middle price
1731,17200,2019,29632.0,Middle price
1732,35000,2019,11544.0,High price
1733,28800,2019,21976.0,Middle price
1734,39200,2019,43617.0,High price
1735,13600,2019,49254.0,Middle price
1736,24200,2019,51589.0,Middle price
1737,46900,2019,41399.0,High price
1738,26500,2019,11734.0,Middle price
1739,24700,2019,41628.0,Middle price
1740,12600,2017,15075.0,Middle price
1741,31800,2019,26591.0,High price
1742,24500,2019,22906.0,Middle price
1743,26000,2019,33462.0,Middle price
1744,21000,2017,32747.0,Middle price
1745,22500,2019,33717.0,Middle price
1746,7700,2017,85218.0,Low price
1747,23100,2019,23512.0,Middle price
1748,9200,2017,57853.0,Low price
1749,19600,2019,33324.0,Middle price
1750,11700,2016,23803.0,Middle price
1751,27300,2019,31260.0,Middle price
1752,14300,2016,69428.0,Middle price
1753,23600,2019,15755.0,Middle price
1754,6200,2016,90946.0,Low price
1755,22400,2019,51370.0,Middle price
1756,5700,2016,99941.0,Low price
1757,23600,2019,15456.0,Middle price
1758,4600,2016,141603.0,Low price
1759,37500,2019,2382.0,High price
1760,10700,2016,99544.0,Middle price
1761,31900,2019,21546.0,High price
1762,31600,2019,16293.0,High price
1763,12600,2018,40375.0,Middle price
1764,5300,2013,143191.0,Low price
1765,3900,2018,363.0,Low price
1766,13000,2015,59656.0,Middle price
1767,11800,2018,37878.0,Middle price
1768,24600,2019,20628.0,Middle price
1769,14500,2014,71205.0,Middle price
1770,24300,2018,26186.0,Middle price
1771,12300,2018,38157.0,Middle price
1772,14800,2016,30325.0,Middle price
1773,17100,2018,31561.0,Middle price
1774,6800,2016,66655.0,Low price
1775,20300,2018,19029.0,Middle price
1776,26300,2018,11739.0,Middle price
1777,22500,2016,50423.0,Middle price
1778,41200,2019,25638.0,High price
1779,20400,2017,59798.0,Middle price
1780,49900,2019,5035.0,High price
1781,12100,2017,32284.0,Middle price
1782,24000,2016,40371.0,Middle price
1783,9500,2017,107569.0,Low price
1784,9000,2017,96451.0,Low price
1785,9800,2017,94851.0,Low price
1786,7800,2017,108727.0,Low price
1787,17200,2017,91979.0,Middle price
1788,18800,2017,76258.0,Middle price
1789,9800,2014,147574.0,Low price
1790,7000,2013,104764.0,Low price
1791,44000,2019,16934.0,High price
1792,23400,2019,13822.0,Middle price
1793,30700,2019,5250.0,High price
1794,15600,2019,33451.0,Middle price
1795,22600,2019,14291.0,Middle price
1796,22900,2019,16725.0,Middle price
1797,22800,2019,13002.0,Middle price
1798,22700,2019,18902.0,Middle price
1799,23000,2019,9732.0,Middle price
1800,22700,2019,18947.0,Middle price
1801,23000,2019,8402.0,Middle price
1802,34400,2019,17450.0,High price
1803,36500,2016,53986.0,High price
1804,23100,2019,15848.0,Middle price
1805,23300,2019,10770.0,Middle price
1806,22600,2019,14587.0,Middle price
1807,4500,2016,98625.0,Low price
1808,23000,2019,10916.0,Middle price
1809,8000,2014,107173.0,Low price
1810,11500,2019,10134.0,Middle price
1811,9400,2017,43056.0,Low price
1812,23000,2019,10655.0,Middle price
1813,2800,2012,173601.0,Low price
1814,22600,2019,14231.0,Middle price
1815,23000,2019,8985.0,Middle price
1816,5200,2016,84338.0,Low price
1817,19200,2017,104290.0,Middle price
1818,10100,2017,45592.0,Middle price
1819,6200,2015,103960.0,Low price
1820,14000,2016,110333.0,Middle price
1821,5000,2015,138516.0,Low price
1822,9200,2016,49094.0,Low price
1823,14700,2016,97526.0,Middle price
1824,3000,2014,87420.0,Low price
1825,30200,2015,67052.0,High price
1826,3800,2013,58913.0,Low price
1827,3200,2013,999999.0,Low price
1828,21500,2015,14482.0,Middle price
1829,4900,2016,57084.0,Low price
1830,23000,2017,90251.0,Middle price
1831,11200,2014,97320.0,Middle price
1832,10400,2014,80652.0,Middle price
1833,13200,2014,99816.0,Middle price
1834,5200,2013,115429.0,Low price
1835,10500,2015,85549.0,Middle price
1836,11900,2013,83030.0,Middle price
1837,21200,2014,130168.0,Middle price
1838,23500,2013,80090.0,Middle price
1839,4700,2013,118593.0,Low price
1840,11100,2014,143704.0,Middle price
1841,22000,2015,53507.0,Middle price
1842,14000,2013,48408.0,Middle price
1843,9200,2013,109672.0,Low price
1844,23300,2019,28549.0,Middle price
1845,21700,2012,114500.0,Middle price
1846,11200,2012,67140.0,Middle price
1847,11300,2018,42168.0,Middle price
1848,4200,2015,80032.0,Low price
1849,10900,2018,52240.0,Middle price
1850,42300,2019,34874.0,High price
1851,10500,2014,119689.0,Middle price
1852,43400,2019,37355.0,High price
1853,12500,2016,100947.0,Middle price
1854,15900,2019,26040.0,Middle price
1855,42500,2019,36638.0,High price
1856,15000,2015,137004.0,Middle price
1857,24700,2019,31794.0,Middle price
1858,15500,2015,131106.0,Middle price
1859,49000,2019,22013.0,High price
1860,29000,2017,42291.0,Middle price
1861,16800,2019,13155.0,Middle price
1862,51000,2019,24869.0,High price
1863,16500,2019,18454.0,Middle price
1864,10000,2016,16694.0,Middle price
1865,27900,2019,28922.0,Middle price
1866,23700,2019,23534.0,Middle price
1867,20000,2012,24581.0,Middle price
1868,45600,2019,35646.0,High price
1869,6000,2012,129873.0,Low price
1870,15600,2019,28669.0,Middle price
1871,25000,2017,32454.0,Middle price
1872,28500,2019,21800.0,Middle price
1873,8000,2014,231769.0,Low price
1874,19990,2016,23796.0,Middle price
1875,34400,2019,42506.0,High price
1876,30999,2016,6249.0,High price
1877,41000,2019,47496.0,High price
1878,27999,2016,10700.0,Middle price
1879,42000,2019,39604.0,High price
1880,8000,2013,250831.0,Low price
1881,29795,2016,7275.0,Middle price
1882,24700,2019,8806.0,Middle price
1883,13995,2016,105115.0,Middle price
1884,2900,2015,57340.0,Low price
1885,35400,2019,36167.0,High price
1886,24549,2016,44941.0,Middle price
1887,8900,2014,53102.0,Low price
1888,15800,2019,26637.0,Middle price
1889,18500,2016,45814.0,Middle price
1890,32000,2019,17310.0,High price
1891,28300,2019,24116.0,Middle price
1892,10500,2019,14128.0,Middle price
1893,24970,2016,49882.0,Middle price
1894,13800,2019,38964.0,Middle price
1895,2580,2012,102705.0,Low price
1896,59975,2019,71.0,High price
1897,2500,2012,98620.0,Low price
1898,28990,2016,15825.0,Middle price
1899,50000,2019,29499.0,High price
1900,33800,2014,100255.0,High price
1901,59975,2019,174.0,High price
1902,2500,2013,167552.0,Low price
1903,46999,2016,16956.0,High price
1904,16700,2019,36896.0,Middle price
1905,34700,2013,77281.0,High price
1906,28900,2019,24795.0,Middle price
1907,30800,2016,16771.0,High price
1908,27100,2019,28692.0,Middle price
1909,13388,2012,113821.0,Middle price
1910,26000,2019,19793.0,Middle price
1911,17900,2016,27940.0,Middle price
1912,23400,2019,24987.0,Middle price
1913,29800,2016,18367.0,Middle price
1914,23700,2019,14109.0,Middle price
1915,1725,2012,158781.0,Low price
1916,33995,2016,27369.0,High price
1917,23500,2019,30208.0,Middle price
1918,32500,2019,24024.0,High price
1919,2500,2016,64999.0,Low price
1920,39000,2019,8404.0,High price
1921,11000,2018,8884.0,Middle price
1922,32500,2019,24126.0,High price
1923,800,2012,129659.0,Low price
1924,26900,2019,31713.0,Middle price
1925,11200,2016,109996.0,Middle price
1926,21000,2018,6821.0,Middle price
1927,32000,2019,17867.0,High price
1928,7300,2016,110253.0,Low price
1929,12800,2018,39364.0,Middle price
1930,24190,2018,4018.0,Middle price
1931,29100,2019,21054.0,Middle price
1932,29000,2017,48309.0,Middle price
1933,17300,2016,68666.0,Middle price
1934,19888,2018,34071.0,Middle price
1935,31000,2019,13600.0,High price
1936,37200,2017,44956.0,High price
1937,8600,2016,72607.0,Low price
1938,24857,2018,33815.0,Middle price
1939,23500,2019,31491.0,Middle price
1940,26100,2018,32149.0,Middle price
1941,10800,2016,26654.0,Middle price
1942,20995,2018,36637.0,Middle price
1943,29300,2019,17000.0,Middle price
1944,33100,2018,15960.0,High price
1945,13800,2016,40774.0,Middle price
1946,19498,2018,40338.0,Middle price
1947,14900,2019,40505.0,Middle price
1948,8700,2016,30735.0,Low price
1949,20600,2019,33965.0,Middle price
1950,5000,2018,7339.0,Low price
1951,19995,2018,42470.0,Middle price
1952,14900,2019,40670.0,Middle price
1953,19500,2016,41233.0,Middle price
1954,24500,2019,13162.0,Middle price
1955,15000,2018,38744.0,Middle price
1956,26985,2018,14023.0,Middle price
1957,31000,2019,9741.0,High price
1958,24300,2017,31017.0,Middle price
1959,16800,2019,37786.0,Middle price
1960,17200,2018,32415.0,Middle price
1961,34995,2018,10421.0,High price
1962,24300,2019,29305.0,Middle price
1963,26400,2017,51309.0,Middle price
1964,16800,2019,38001.0,Middle price
1965,15500,2018,18849.0,Middle price
1966,19440,2018,43269.0,Middle price
1967,16700,2019,36989.0,Middle price
1968,29000,2017,29320.0,Middle price
1969,16100,2019,34244.0,Middle price
1970,17200,2018,32938.0,Middle price
1971,20950,2018,40793.0,Middle price
1972,46200,2017,94741.0,High price
1973,29400,2019,25011.0,Middle price
1974,2825,2014,363810.0,Low price
1975,32999,2018,6881.0,High price
1976,6600,2014,80423.0,Low price
1977,50200,2017,92405.0,High price
1978,28300,2019,15436.0,Middle price
1979,12000,2017,104665.0,Middle price
1980,32999,2018,16194.0,High price
1981,12600,2014,48188.0,Middle price
1982,5200,2017,65164.0,Low price
1983,20500,2019,35930.0,Middle price
1984,1200,2012,167376.0,Low price
1985,35999,2018,13674.0,High price
1986,41000,2019,9235.0,High price
1987,33100,2017,103002.0,High price
1988,23500,2019,12836.0,Middle price
1989,18799,2015,137728.0,Middle price
1990,33999,2018,6921.0,High price
1991,35000,2019,14359.0,High price
1992,26100,2017,58118.0,Middle price
1993,15400,2019,31124.0,Middle price
1994,25998,2015,25734.0,Middle price
1995,31831,2018,14059.0,High price
1996,40400,2019,13472.0,High price
1997,15400,2013,123983.0,Middle price
1998,13500,2019,35023.0,Middle price
1999,25995,2015,39509.0,Middle price
2000,27990,2018,4512.0,Middle price
2001,23985,2015,51884.0,Middle price
2002,27995,2018,4181.0,Middle price
2003,13995,2015,56703.0,Middle price
2004,29988,2018,4712.0,Middle price
2005,12995,2015,102800.0,Middle price
2006,21687,2018,7109.0,Middle price
2007,25200,2016,100943.0,Middle price
2008,29590,2015,3915.0,Middle price
2009,28999,2018,15550.0,Middle price
2010,13942,2015,62542.0,Middle price
2011,15300,2018,38370.0,Middle price
2012,35400,2020,671.0,High price
2013,32700,2016,61477.0,High price
2014,13995,2015,73891.0,Middle price
2015,1850,2014,168805.0,Low price
2016,15800,2012,82564.0,Middle price
2017,36000,2016,85649.0,High price
2018,15495,2015,48374.0,Middle price
2019,21500,2012,11990.0,Middle price
2020,7200,2016,64111.0,Low price
2021,17589,2015,28771.0,Middle price
2022,31700,2015,126708.0,High price
2023,31790,2015,27165.0,High price
2024,18100,2015,106546.0,Middle price
2025,14495,2015,54778.0,Middle price
2026,15000,2020,11729.0,Middle price
2027,26400,2015,85197.0,Middle price
2028,27990,2015,19130.0,Middle price
2029,19700,2015,72369.0,Middle price
2030,15300,2015,59646.0,Middle price
2031,22000,2014,68418.0,Middle price
2032,23999,2015,8400.0,Middle price
2033,16488,2015,45084.0,Middle price
2034,12784,2015,67037.0,Middle price
2035,23400,2015,64135.0,Middle price
2036,9705,2017,72377.0,Low price
2037,25999,2015,39367.0,Middle price
2038,34977,2015,46540.0,High price
2039,19000,2015,40677.0,Middle price
2040,15995,2015,69438.0,Middle price
2041,13487,2015,96246.0,Middle price
2042,18707,2015,69719.0,Middle price
2043,15290,2015,75933.0,Middle price
2044,15600,2015,54325.0,Middle price
2045,47000,2019,24902.0,High price
2046,16080,2015,31793.0,Middle price
2047,50000,2019,16505.0,High price
2048,15268,2015,74361.0,Middle price
2049,47500,2019,27868.0,High price
2050,18497,2015,34011.0,Middle price
2051,10000,2019,19993.0,Middle price
2052,19995,2015,48115.0,Middle price
2053,49000,2019,22543.0,High price
2054,17150,2015,67091.0,Middle price
2055,45000,2019,28790.0,High price
2056,14295,2015,59391.0,Middle price
2057,49000,2019,18449.0,High price
2058,16190,2015,71824.0,Middle price
2059,49000,2019,19304.0,High price
2060,17899,2015,39159.0,Middle price
2061,26000,2019,18708.0,Middle price
2062,14000,2015,79430.0,Middle price
2063,15500,2019,12393.0,Middle price
2064,16888,2015,56329.0,Middle price
2065,28000,2019,12155.0,Middle price
2066,8305,2014,63291.0,Low price
2067,21822,2015,36041.0,Middle price
2068,15500,2019,25810.0,Middle price
2069,12500,2015,130388.0,Middle price
2070,15995,2015,23878.0,Middle price
2071,16000,2019,15460.0,Middle price
2072,38200,2018,46710.0,High price
2073,12995,2015,65342.0,Middle price
2074,14488,2015,64061.0,Middle price
2075,17500,2016,93164.0,Middle price
2076,21995,2015,35629.0,Middle price
2077,8500,2015,118483.0,Low price
2078,16593,2015,71573.0,Middle price
2079,13000,2017,33660.0,Middle price
2080,14247,2015,61168.0,Middle price
2081,23500,2017,42241.0,Middle price
2082,16999,2015,21004.0,Middle price
2083,25000,2017,45003.0,Middle price
2084,20159,2015,45278.0,Middle price
2085,31000,2017,1.0,High price
2086,22500,2018,24747.0,Middle price
2087,29500,2017,48707.0,Middle price
2088,59900,2020,2162.0,High price
2089,24000,2017,50874.0,Middle price
2090,20500,2017,70727.0,Middle price
2091,27200,2019,29382.0,Middle price
2092,24900,2018,33194.0,Middle price
2093,24500,2017,52084.0,Middle price
2094,34000,2018,51122.0,High price
2095,28000,2017,40286.0,Middle price
2096,27000,2017,55420.0,Middle price
2097,34000,2018,10282.0,High price
2098,42500,2017,85278.0,High price
2099,33000,2018,7258.0,High price
2100,10200,2018,93350.0,Middle price
2101,25600,2019,37166.0,Middle price
2102,16300,2018,69480.0,Middle price
2103,26500,2016,34679.0,Middle price
2104,36500,2018,24151.0,High price
2105,25900,2019,32796.0,Middle price
2106,22500,2016,67979.0,Middle price
2107,29000,2018,18690.0,Middle price
2108,825,2012,78072.0,Low price
2109,10500,2016,54251.0,Middle price
2110,32000,2018,32262.0,High price
2111,27700,2015,92358.0,Middle price
2112,4000,2015,90740.0,Low price
2113,38800,2018,35225.0,High price
2114,26200,2015,129063.0,Middle price
2115,19500,2018,49985.0,Middle price
2116,11700,2015,52340.0,Middle price
2117,34000,2018,21406.0,High price
2118,38600,2019,16619.0,High price
2119,21500,2015,41293.0,Middle price
2120,38500,2018,37053.0,High price
2121,38500,2018,34532.0,High price
2122,12000,2017,13328.0,Middle price
2123,30500,2018,56836.0,High price
2124,11300,2016,48080.0,Middle price
2125,29500,2018,12271.0,Middle price
2126,16100,2014,97318.0,Middle price
2127,32500,2018,12717.0,High price
2128,29000,2019,12764.0,Middle price
2129,30000,2018,19951.0,High price
2130,26000,2019,32458.0,Middle price
2131,26000,2018,21616.0,Middle price
2132,18500,2019,17755.0,Middle price
2133,12000,2017,73846.0,Middle price
2134,30000,2018,15771.0,High price
2135,14700,2019,29168.0,Middle price
2136,25000,2017,159182.0,Middle price
2137,26550,2018,15296.0,Middle price
2138,27000,2019,30476.0,Middle price
2139,34000,2016,131754.0,High price
2140,27500,2018,26095.0,Middle price
2141,25500,2018,22107.0,Middle price
2142,13500,2019,31207.0,Middle price
2143,4000,2015,112810.0,Low price
2144,25700,2018,19058.0,Middle price
2145,29000,2015,109137.0,Middle price
2146,30500,2018,24058.0,High price
2147,30000,2018,6967.0,High price
2148,9000,2014,118340.0,Low price
2149,19000,2018,36145.0,Middle price
2150,25800,2019,33942.0,Middle price
2151,26500,2018,38868.0,Middle price
2152,29300,2019,36190.0,Middle price
2153,6300,2018,37177.0,Low price
2154,25400,2019,39267.0,Middle price
2155,26000,2018,33350.0,Middle price
2156,7000,2017,57889.0,Low price
2157,25900,2018,34081.0,Middle price
2158,9700,2019,26821.0,Low price
2159,27000,2018,40577.0,Middle price
2160,9100,2019,52355.0,Low price
2161,28000,2018,30620.0,Middle price
2162,25700,2019,22019.0,Middle price
2163,27500,2018,36742.0,Middle price
2164,9400,2019,32473.0,Low price
2165,25500,2018,43406.0,Middle price
2166,20500,2019,34696.0,Middle price
2167,21500,2018,43519.0,Middle price
2168,12800,2019,37716.0,Middle price
2169,23900,2018,41627.0,Middle price
2170,9400,2019,29986.0,Low price
2171,26900,2018,41496.0,Middle price
2172,25500,2019,20613.0,Middle price
2173,27000,2018,33475.0,Middle price
2174,9300,2019,32305.0,Low price
2175,14400,2018,38148.0,Middle price
2176,19000,2019,39976.0,Middle price
2177,14000,2018,50513.0,Middle price
2178,13600,2019,31408.0,Middle price
2179,19200,2018,41351.0,Middle price
2180,13600,2019,32038.0,Middle price
2181,18600,2018,38279.0,Middle price
2182,13700,2019,30471.0,Middle price
2183,18200,2018,41569.0,Middle price
2184,13800,2019,31142.0,Middle price
2185,22000,2018,31598.0,Middle price
2186,13700,2019,31380.0,Middle price
2187,28000,2018,22179.0,Middle price
2188,13800,2019,29266.0,Middle price
2189,18600,2018,42156.0,Middle price
2190,13700,2019,30875.0,Middle price
2191,13700,2019,30609.0,Middle price
2192,13800,2019,29508.0,Middle price
2193,17700,2019,12837.0,Middle price
2194,13900,2019,29633.0,Middle price
2195,13900,2019,27461.0,Middle price
2196,50500,2018,74961.0,High price
2197,13600,2019,32154.0,Middle price
2198,55000,2018,37245.0,High price
2199,13800,2019,29345.0,Middle price
2200,56000,2018,25371.0,High price
2201,13800,2019,30054.0,Middle price
2202,45800,2018,11173.0,High price
2203,13800,2019,30902.0,Middle price
2204,5500,2018,31231.0,Low price
2205,14400,2020,10728.0,Middle price
2206,11450,2018,35374.0,Middle price
2207,11000,2018,36715.0,Middle price
2208,11450,2018,33437.0,Middle price
2209,11000,2018,36788.0,Middle price
2210,11200,2018,35491.0,Middle price
2211,11400,2018,33644.0,Middle price
2212,11450,2018,35831.0,Middle price
2213,11050,2018,35050.0,Middle price
2214,11400,2018,34924.0,Middle price
2215,11050,2018,34962.0,Middle price
2216,10850,2018,39985.0,Middle price
2217,10900,2018,38816.0,Middle price
2218,10450,2018,41579.0,Middle price
2219,10800,2018,40455.0,Middle price
2220,10850,2018,39996.0,Middle price
2221,10800,2018,41077.0,Middle price
2222,10850,2018,39183.0,Middle price
2223,10800,2018,40478.0,Middle price
2224,10900,2018,38806.0,Middle price
2225,10400,2018,45331.0,Middle price
2226,10500,2018,43531.0,Middle price
2227,10800,2018,41033.0,Middle price
2228,10800,2018,40332.0,Middle price
2229,11200,2019,22319.0,Middle price
2230,11100,2019,22305.0,Middle price
2231,12200,2019,36996.0,Middle price
2232,4000,2019,1.0,Low price
2233,9000,2019,27611.0,Low price
2234,14900,2019,26516.0,Middle price
2235,4600,2019,31397.0,Low price
2236,6400,2019,18300.0,Low price
2237,10400,2019,26743.0,Middle price
2238,7800,2019,15832.0,Low price
2239,12300,2019,31939.0,Middle price
2240,10900,2019,31037.0,Middle price
2241,8500,2019,22521.0,Low price
2242,7300,2019,31335.0,Low price
2243,5900,2019,28315.0,Low price
2244,20000,2017,83437.0,Middle price
2245,11200,2018,42250.0,Middle price
2246,14400,2018,45732.0,Middle price
2247,16500,2018,49185.0,Middle price
2248,13400,2017,45826.0,Middle price
2249,12500,2017,36844.0,Middle price
2250,6500,2013,104343.0,Low price
2251,19800,2018,34138.0,Middle price
2252,8800,2018,34761.0,Low price
2253,12800,2018,32656.0,Middle price
2254,8800,2018,34837.0,Low price
2255,3500,2019,30099.0,Low price
2256,750,2018,37088.0,Low price
2257,10800,2017,41729.0,Middle price
2258,22300,2017,17195.0,Middle price
2259,8300,2018,43064.0,Low price
2260,8300,2018,47510.0,Low price
2261,8000,2018,52571.0,Low price
2262,15200,2018,12129.0,Middle price
2263,6700,2017,62280.0,Low price
2264,7500,2017,74859.0,Low price
2265,10500,2017,59508.0,Middle price
2266,8400,2017,58529.0,Low price
2267,7000,2015,24396.0,Low price
2268,25500,2020,10317.0,Middle price
2269,4100,2017,37619.0,Low price
2270,13900,2020,15160.0,Middle price
2271,1900,2015,91898.0,Low price
2272,14700,2017,31198.0,Middle price
2273,1900,2013,144015.0,Low price
2274,18800,2017,15621.0,Middle price
2275,7800,2018,54815.0,Low price
2276,13500,2016,53011.0,Middle price
2277,8000,2018,56255.0,Low price
2278,3300,2013,100225.0,Low price
2279,7200,2017,54117.0,Low price
2280,8000,2017,54119.0,Low price
2281,1280,2012,162176.0,Low price
2282,14000,2018,37655.0,Middle price
2283,3500,2015,101178.0,Low price
2284,600,2012,206142.0,Low price
2285,12500,2018,43187.0,Middle price
2286,5800,2013,105590.0,Low price
2287,8000,2018,53903.0,Low price
2288,2200,2015,73382.0,Low price
2289,8300,2018,48977.0,Low price
2290,7500,2016,77504.0,Low price
2291,8000,2018,50871.0,Low price
2292,3500,2012,107734.0,Low price
2293,8000,2018,53098.0,Low price
2294,2000,2012,159990.0,Low price
2295,7800,2018,51552.0,Low price
2296,8000,2018,54692.0,Low price
2297,18500,2019,18611.0,Middle price
2298,8000,2018,51654.0,Low price
2299,18300,2019,24046.0,Middle price
2300,7500,2018,65184.0,Low price
2301,29800,2019,37398.0,Middle price
2302,21100,2020,19597.0,Middle price
2303,16200,2019,34122.0,Middle price
2304,6998,2015,43651.0,Low price
2305,14700,2020,15387.0,Middle price
2306,19000,2020,264.0,Middle price
2307,7500,2016,58126.0,Low price
2308,7998,2015,62921.0,Low price
2309,10999,2015,43279.0,Middle price
2310,2900,2012,117844.0,Low price
2311,8495,2015,45043.0,Low price
2312,19925,2016,42837.0,Middle price
2313,9500,2018,42782.0,Low price
2314,12750,2015,24629.0,Middle price
2315,22800,2015,35902.0,Middle price
2316,11621,2015,12840.0,Middle price
2317,11590,2015,63933.0,Middle price
2318,4700,2012,100079.0,Low price
2319,11390,2015,37953.0,Middle price
2320,14500,2017,8677.0,Middle price
2321,12000,2020,11583.0,Middle price
2322,15000,2020,14320.0,Middle price
2323,7500,2016,19723.0,Low price
2324,28000,2018,29554.0,Middle price
2325,17500,2018,39309.0,Middle price
2326,18000,2018,34951.0,Middle price
2327,13200,2018,35870.0,Middle price
2328,17000,2018,44423.0,Middle price
2329,6700,2012,92982.0,Low price
2330,23300,2018,36844.0,Middle price
2331,26800,2018,33605.0,Middle price
2332,18200,2018,28009.0,Middle price
2333,18700,2018,41366.0,Middle price
2334,12900,2016,98354.0,Middle price
2335,16000,2018,39598.0,Middle price
2336,19400,2020,21009.0,Middle price
2337,10900,2018,28880.0,Middle price
2338,15800,2018,28626.0,Middle price
2339,19800,2020,14850.0,Middle price
2340,19000,2018,41096.0,Middle price
2341,18000,2020,12748.0,Middle price
2342,19800,2020,14531.0,Middle price
2343,19700,2020,15931.0,Middle price
2344,20100,2020,10875.0,Middle price
2345,19700,2019,31172.0,Middle price
2346,23400,2019,16248.0,Middle price
2347,23300,2019,18137.0,Middle price
2348,17500,2019,25664.0,Middle price
2349,17100,2019,31026.0,Middle price
2350,15800,2019,41287.0,Middle price
2351,13600,2019,43612.0,Middle price
2352,14400,2019,29545.0,Middle price
2353,19800,2019,24303.0,Middle price
2354,17200,2019,29661.0,Middle price
2355,20300,2019,18857.0,Middle price
2356,20500,2019,14470.0,Middle price
2357,16500,2019,42364.0,Middle price
2358,16000,2019,37108.0,Middle price
2359,14600,2019,26432.0,Middle price
2360,16300,2019,24174.0,Middle price
2361,15400,2019,30756.0,Middle price
2362,15800,2019,32473.0,Middle price
2363,15800,2019,22947.0,Middle price
2364,21400,2018,17127.0,Middle price
2365,15300,2019,20793.0,Middle price
2366,20100,2019,32519.0,Middle price
2367,11300,2019,26930.0,Middle price
2368,10700,2019,40839.0,Middle price
2369,16000,2018,44732.0,Middle price
2370,16600,2019,19292.0,Middle price
2371,15800,2019,24155.0,Middle price
2372,11600,2019,33369.0,Middle price
2373,15000,2017,28918.0,Middle price
2374,17600,2019,21623.0,Middle price
2375,36300,2017,16224.0,High price
2376,15600,2019,26406.0,Middle price
2377,14000,2017,27790.0,Middle price
2378,16600,2019,19182.0,Middle price
2379,12600,2017,11837.0,Middle price
2380,20900,2019,21774.0,Middle price
2381,12700,2017,17738.0,Middle price
2382,15600,2019,27206.0,Middle price
2383,18900,2019,20508.0,Middle price
2384,15700,2019,24987.0,Middle price
2385,21900,2019,21273.0,Middle price
2386,21700,2019,23863.0,Middle price
2387,14600,2016,31566.0,Middle price
2388,12000,2019,25261.0,Middle price
2389,21000,2019,20628.0,Middle price
2390,12500,2017,48765.0,Middle price
2391,15900,2019,30645.0,Middle price
2392,11800,2017,60158.0,Middle price
2393,9900,2019,39985.0,Low price
2394,10600,2018,39208.0,Middle price
2395,10100,2018,45080.0,Middle price
2396,13300,2018,39247.0,Middle price
2397,10100,2018,46382.0,Middle price
2398,10300,2018,39893.0,Middle price
2399,10300,2018,41203.0,Middle price
2400,10300,2018,40648.0,Middle price
2401,24000,2018,31551.0,Middle price
2402,10400,2018,38761.0,Middle price
2403,10200,2018,42838.0,Middle price
2404,9500,2018,41557.0,Low price
2405,10500,2018,41136.0,Middle price
2406,10500,2018,41141.0,Middle price
2407,3500,2016,115716.0,Low price
2408,9300,2018,52260.0,Low price
2409,14100,2016,22041.0,Middle price
2410,2425,2012,161836.0,Low price
2411,925,2012,83720.0,Low price
2412,11000,2016,37605.0,Middle price
2413,11000,2016,63738.0,Middle price
2414,2100,2013,155704.0,Low price
2415,800,2012,234792.0,Low price
2416,20400,2018,24143.0,Middle price
2417,375,2017,1.0,Low price
2418,3000,2015,132655.0,Low price
2419,15100,2017,28079.0,Middle price
2420,4000,2015,74906.0,Low price
2421,19500,2017,53155.0,Middle price
2422,22600,2017,94258.0,Middle price
2423,6500,2014,65620.0,Low price
2424,11800,2012,92878.0,Middle price
2425,20500,2017,25918.0,Middle price
2426,14200,2018,37830.0,Middle price
2427,22000,2018,13875.0,Middle price
2428,16200,2018,6024.0,Middle price
2429,4800,2016,76789.0,Low price
2430,16000,2018,30409.0,Middle price
2431,14300,2018,44864.0,Middle price
2432,16800,2019,42397.0,Middle price
2433,11900,2018,16778.0,Middle price
2434,3000,2015,99767.0,Low price
2435,15000,2019,34692.0,Middle price
2436,15200,2019,30721.0,Middle price
2437,18000,2017,53376.0,Middle price
2438,22700,2016,21282.0,Middle price
2439,3800,2015,81699.0,Low price
2440,5475,2018,33048.0,Low price
2441,11400,2018,10372.0,Middle price
2442,28100,2018,8889.0,Middle price
2443,3500,2017,127780.0,Low price
2444,15200,2016,59640.0,Middle price
2445,1950,2015,83975.0,Low price
2446,13400,2016,46178.0,Middle price
2447,12500,2018,34460.0,Middle price
2448,16500,2018,30594.0,Middle price
2449,16500,2018,39817.0,Middle price
2450,16500,2018,40419.0,Middle price
2451,13900,2018,35493.0,Middle price
2452,13900,2018,37073.0,Middle price
2453,1500,2013,98384.0,Low price
2454,16500,2018,34640.0,Middle price
2455,13900,2018,38760.0,Middle price
2456,16500,2018,34841.0,Middle price
2457,13900,2018,35065.0,Middle price
2458,12400,2018,37741.0,Middle price
2459,13000,2018,27488.0,Middle price
2460,16500,2018,37452.0,Middle price
2461,13900,2018,39797.0,Middle price
2462,16500,2018,36714.0,Middle price
2463,13900,2018,36207.0,Middle price
2464,13900,2018,38563.0,Middle price
2465,13900,2018,39885.0,Middle price
2466,12100,2018,41852.0,Middle price
2467,16500,2018,39454.0,Middle price
2468,16500,2018,40203.0,Middle price
2469,13900,2018,34547.0,Middle price
2470,3700,2015,75858.0,Low price
2471,18800,2019,31123.0,Middle price
2472,9200,2018,33808.0,Low price
2473,30100,2019,30599.0,High price
2474,9200,2018,33931.0,Low price
2475,11100,2019,40359.0,Middle price
2476,13900,2018,44313.0,Middle price
2477,9100,2018,33078.0,Low price
2478,22800,2019,24320.0,Middle price
2479,13900,2018,42502.0,Middle price
2480,12600,2019,33497.0,Middle price
2481,9200,2018,39577.0,Low price
2482,12100,2019,36974.0,Middle price
2483,9200,2018,41220.0,Low price
2484,2300,2019,1.0,Low price
2485,13900,2018,41539.0,Middle price
2486,9500,2019,19646.0,Low price
2487,13900,2018,39924.0,Middle price
2488,1700,2019,33279.0,Low price
2489,13900,2018,40259.0,Middle price
2490,10400,2019,25264.0,Middle price
2491,9200,2018,35677.0,Low price
2492,7400,2019,35511.0,Low price
2493,9200,2018,33027.0,Low price
2494,7800,2019,23609.0,Low price
2495,9200,2018,34553.0,Low price
2496,9200,2018,31594.0,Low price
2497,9200,2018,32557.0,Low price
2498,9200,2018,31371.0,Low price
